,constructorId,grid,positionText,positionOrder,points,laps,time,milliseconds,fastestLap,rank,fastestLapTime,fastestLapSpeed,statusId,forename,surname,nationality,round,circuitId,date,time_races,url_races,quali_date,country,alt,nationality_constructors,status,driverStandingsId,points_acc,positionText_acc,wins,age,drive_make_fp
3,1,2,2,2,8.0,58,+7.242,5136012,20,2,1:26.314,221.178,1,Fernando,Alonso,Spanish,1,1,2007-03-18,03:00:00,http://en.wikipedia.org/wiki/2007_Australian_Grand_Prix,,Australia,10,British,Finished,13614,8.0,2,0,41,False
14,1,10,5,5,10.0,58,+27.886,5401169,57,7,1:26.978,219.489,1,Fernando,Alonso,Spanish,1,1,2018-03-25,05:10:00,http://en.wikipedia.org/wiki/2018_Australian_Grand_Prix,,Australia,10,British,Finished,68613,10.0,5,0,41,False
33,1,2,1,1,10.0,56,1:32:14.930,5534930,42,2,1:36.861,206.014,1,Fernando,Alonso,Spanish,2,2,2007-04-08,07:00:00,http://en.wikipedia.org/wiki/2007_Malaysian_Grand_Prix,,Malaysia,18,British,Finished,13631,18.0,1,1,41,False
43,1,22,7,7,6.0,56,+1:05.205,5897981,44,6,1:38.291,203.017,1,Fernando,Alonso,Spanish,16,2,2016-10-02,07:00:00,http://en.wikipedia.org/wiki/2016_Malaysian_Grand_Prix,,Malaysia,18,British,Finished,67938,42.0,10,0,41,False
57,1,4,5,5,4.0,57,+14.426,5621941,46,4,1:34.420,206.346,1,Fernando,Alonso,Spanish,3,3,2007-04-15,11:30:00,http://en.wikipedia.org/wiki/2007_Bahrain_Grand_Prix,,Bahrain,7,British,Finished,13651,22.0,1,1,41,False
80,1,2,3,3,6.0,65,+17.456,5513686,17,3,1:22.966,201.986,1,Fernando,Alonso,Spanish,4,4,2007-05-13,12:00:00,http://en.wikipedia.org/wiki/2007_Spanish_Grand_Prix,,Spain,109,British,Finished,13672,28.0,2,1,41,False
108,1,4,3,3,6.0,58,+26.181,5228342,39,4,1:28.070,218.199,1,Fernando,Alonso,Spanish,12,5,2007-08-26,12:00:00,http://en.wikipedia.org/wiki/2007_Turkish_Grand_Prix,,Turkey,130,British,Finished,13853,79.0,2,3,41,False
123,1,1,1,1,10.0,78,1:40:29.329,6029329,44,1,1:15.284,159.715,1,Fernando,Alonso,Spanish,5,6,2007-05-27,12:00:00,http://en.wikipedia.org/wiki/2007_Monaco_Grand_Prix,,Monaco,7,British,Finished,13694,38.0,1,2,41,False
130,1,9,5,5,10.0,78,+1:25.076,7254209,72,8,1:19.170,151.739,1,Fernando,Alonso,Spanish,6,6,2016-05-29,12:00:00,http://en.wikipedia.org/wiki/2016_Monaco_Grand_Prix,,Monaco,7,British,Finished,67683,18.0,12,0,41,False
166,1,2,7,7,2.0,70,+21.936,6273228,46,1,1:16.367,205.580,1,Fernando,Alonso,Spanish,6,7,2007-06-10,17:00:00,http://en.wikipedia.org/wiki/2007_Canadian_Grand_Prix,,Canada,13,British,Finished,13716,40.0,2,2,41,False
204,1,10,7,7,2.0,70,+56.516,5510716,36,3,1:16.495,207.590,1,Fernando,Alonso,Spanish,8,8,2007-07-01,12:00:00,http://en.wikipedia.org/wiki/2007_French_Grand_Prix,,France,228,British,Finished,13761,50.0,2,2,41,False
224,1,3,2,2,8.0,59,+2.459,4905533,35,3,1:21.117,228.159,1,Fernando,Alonso,Spanish,9,9,2007-07-08,12:00:00,http://en.wikipedia.org/wiki/2007_British_Grand_Prix,,UK,153,British,Finished,13784,58.0,2,2,41,False
233,1,13,8,8,4.0,52,+31.115,5280899,52,10,1:33.482,226.862,1,Fernando,Alonso,Spanish,10,9,2018-07-08,13:10:00,http://en.wikipedia.org/wiki/2018_British_Grand_Prix,,UK,153,British,Finished,68833,40.0,8,0,41,False
310,1,6,4,4,5.0,70,+44.858,5797849,49,3,1:20.324,196.349,1,Fernando,Alonso,Spanish,11,11,2007-08-05,12:00:00,http://en.wikipedia.org/wiki/2007_Hungarian_Grand_Prix,,Hungary,264,British,Finished,13830,73.0,2,3,41,False
320,1,15,5,5,10.0,69,+49.079,6419064,67,10,1:27.311,180.637,1,Fernando,Alonso,Spanish,10,11,2015-07-26,12:00:00,http://en.wikipedia.org/wiki/2015_Hungarian_Grand_Prix,,Hungary,264,British,Finished,67263,11.0,15,0,41,False
322,1,7,6,6,8.0,70,+1:11.223,6057936,69,1,1:20.182,196.697,1,Fernando,Alonso,Spanish,11,11,2017-07-30,12:00:00,http://en.wikipedia.org/wiki/2017_Hungarian_Grand_Prix,,Hungary,264,British,Finished,68382,10.0,15,0,41,False
358,1,3,3,3,6.0,44,+14.343,4853409,44,3,1:48.182,233.073,1,Fernando,Alonso,Spanish,14,13,2007-09-16,12:00:00,http://en.wikipedia.org/wiki/2007_Belgian_Grand_Prix,,Belgium,401,British,Finished,13901,95.0,2,4,41,False
367,1,22,7,7,6.0,44,+59.445,6350503,43,15,1:54.484,220.243,1,Fernando,Alonso,Spanish,13,13,2016-08-28,12:00:00,http://en.wikipedia.org/wiki/2016_Belgian_Grand_Prix,,Belgium,401,British,Finished,67866,30.0,11,0,41,False
404,1,1,1,1,10.0,53,1:18:37.806,4717806,15,1,1:22.871,251.653,1,Fernando,Alonso,Spanish,13,14,2007-09-09,12:00:00,http://en.wikipedia.org/wiki/2007_Italian_Grand_Prix,,Italy,162,British,Finished,13877,89.0,2,4,41,False
467,1,9,7,7,6.0,61,+1:29.198,7038148,49,12,1:51.249,163.902,1,Fernando,Alonso,Spanish,15,15,2016-09-18,12:00:00,http://en.wikipedia.org/wiki/2016_Singapore_Grand_Prix,,Singapore,18,British,Finished,67914,36.0,11,0,41,False
469,1,11,7,7,6.0,61,+1:43.001,6774612,57,4,1:43.164,176.677,1,Fernando,Alonso,Spanish,15,15,2018-09-16,12:10:00,http://en.wikipedia.org/wiki/2018_Singapore_Grand_Prix,,Singapore,18,British,Finished,68973,50.0,8,0,41,False
478,1,4,2,2,8.0,56,+9.806,5888201,54,2,1:37.991,200.259,1,Fernando,Alonso,Spanish,16,17,2007-10-07,06:00:00,http://en.wikipedia.org/wiki/2007_Chinese_Grand_Prix,,China,5,British,Finished,13949,103.0,2,4,41,False
489,1,11,12,12,0.0,56,+1:37.253,6031144,36,19,1:42.226,191.962,1,Fernando,Alonso,Spanish,3,17,2016-04-17,06:00:00,http://en.wikipedia.org/wiki/2016_Chinese_Grand_Prix,,China,5,British,Finished,67614,0.0,18,0,41,False
491,1,13,7,7,6.0,56,+30.639,5767019,56,7,1:37.234,201.818,1,Fernando,Alonso,Spanish,3,17,2018-04-15,06:10:00,http://en.wikipedia.org/wiki/2018_Chinese_Grand_Prix,,China,5,British,Finished,68673,22.0,6,0,41,False
499,1,4,3,3,6.0,71,+57.019,5352289,59,6,1:13.150,212.062,1,Fernando,Alonso,Spanish,17,18,2007-10-21,16:00:00,http://en.wikipedia.org/wiki/2007_Brazilian_Grand_Prix,,Brazil,785,British,Finished,13973,109.0,3,4,41,False
510,1,10,10,10,1.0,71,+44.432,10905767,70,12,1:27.104,178.090,1,Fernando,Alonso,Spanish,20,18,2016-11-13,16:00:00,http://en.wikipedia.org/wiki/2016_Brazilian_Grand_Prix,,Brazil,785,British,Finished,68128,53.0,10,0,41,False
512,1,6,8,8,4.0,71,+1:09.363,5555625,57,10,1:13.451,211.193,1,Fernando,Alonso,Spanish,19,18,2017-11-12,16:00:00,http://en.wikipedia.org/wiki/2017_Brazilian_Grand_Prix,,Brazil,785,British,Finished,68572,15.0,15,0,41,False
541,1,2,2,2,8.0,73,+1.5,5471465,21,3,1:13.257,206.003,1,Fernando,Alonso,Spanish,7,19,2007-06-17,17:00:00,http://en.wikipedia.org/wiki/2007_United_States_Grand_Prix,,USA,223,British,Finished,13738,48.0,2,2,41,False
547,1,2,1,1,10.0,60,2:06:26.358,7586358,35,2,1:33.231,198.783,1,Fernando,Alonso,Spanish,10,20,2007-07-22,12:00:00,http://en.wikipedia.org/wiki/2007_European_Grand_Prix,,Germany,578,British,Finished,13807,68.0,2,3,41,False
623,1,9,10,10,1.0,55,+59.896,5943909,50,2,1:44.495,191.343,1,Fernando,Alonso,Spanish,21,24,2016-11-27,13:00:00,http://en.wikipedia.org/wiki/2016_Abu_Dhabi_Grand_Prix,,UAE,3,British,Finished,68152,54.0,10,0,41,False
646,1,9,11,11,0.0,56,+54.816,6707519,55,11,1:44.323,190.243,1,Fernando,Alonso,Spanish,16,69,2015-10-25,19:00:00,http://en.wikipedia.org/wiki/2015_United_States_Grand_Prix,,USA,161,British,Finished,67458,11.0,17,0,41,False
648,1,12,5,5,10.0,56,+1:33.953,5986571,36,10,1:43.502,191.752,1,Fernando,Alonso,Spanish,18,69,2016-10-23,19:00:00,http://en.wikipedia.org/wiki/2016_United_States_Grand_Prix,,USA,161,British,Finished,68058,52.0,10,0,41,False
686,1,19,11,11,0.0,53,+1:31.210,5922234,29,12,1:42.639,205.115,1,Fernando,Alonso,Spanish,15,71,2015-10-11,11:00:00,http://en.wikipedia.org/wiki/2015_Russian_Grand_Prix,,Russia,2,British,Finished,67524,11.0,16,0,41,False
702,1,19,9,9,2.0,51,+59.551,7495124,49,6,1:45.168,205.488,1,Fernando,Alonso,Spanish,8,73,2017-06-25,13:00:00,http://en.wikipedia.org/wiki/2017_Azerbaijan_Grand_Prix,,Azerbaijan,-7,British,Finished,68316,2.0,17,0,41,False
704,1,12,7,7,6.0,51,+10.931,6235222,32,12,1:47.449,201.126,1,Fernando,Alonso,Spanish,4,73,2018-04-29,12:10:00,http://en.wikipedia.org/wiki/2018_Azerbaijan_Grand_Prix,,Azerbaijan,-7,British,Finished,68713,28.0,6,0,41,False
1699,4,11,4,4,5.0,58,+17.181,5707797,58,7,1:28.603,215.464,1,Fernando,Alonso,Spanish,1,1,2008-03-16,04:30:00,http://en.wikipedia.org/wiki/2008_Australian_Grand_Prix,,Australia,10,French,Finished,4,5.0,4,0,41,False
1701,4,10,5,5,4.0,58,+4.879,5660663,53,9,1:28.712,215.199,1,Fernando,Alonso,Spanish,1,1,2009-03-29,06:00:00,http://en.wikipedia.org/wiki/2009_Australian_Grand_Prix,,Australia,10,French,Finished,8251,4.0,5,0,41,False
1708,4,3,1,1,10.0,57,1:34:27.870,5667870,49,2,1:26.189,221.499,1,Fernando,Alonso,Spanish,3,1,2006-04-02,14:00:00,http://en.wikipedia.org/wiki/2006_Australian_Grand_Prix,,Australia,10,French,Finished,12846,28.0,1,2,41,False
1710,4,13,3,3,6.0,57,+6.712,5064048,24,1,1:25.683,222.807,1,Fernando,Alonso,Spanish,1,1,2005-03-06,14:00:00,http://en.wikipedia.org/wiki/2005_Australian_Grand_Prix,,Australia,10,French,Finished,70783,6.0,3,0,41,False
1712,4,5,3,3,6.0,58,+34.673,5090430,10,3,1:25.088,224.365,1,Fernando,Alonso,Spanish,1,1,2004-03-07,,http://en.wikipedia.org/wiki/2004_Australian_Grand_Prix,,Australia,10,French,Finished,12424,6.0,3,0,41,False
1713,4,10,7,7,2.0,58,+45.074,5727174,,,,,1,Fernando,Alonso,Spanish,1,1,2003-03-09,,http://en.wikipedia.org/wiki/2003_Australian_Grand_Prix,,Australia,10,French,Finished,12114,2.0,7,0,41,False
1715,4,7,8,8,1.0,56,+1:10.041,5548596,40,10,1:36.288,207.240,1,Fernando,Alonso,Spanish,2,2,2008-03-23,07:00:00,http://en.wikipedia.org/wiki/2008_Malaysian_Grand_Prix,,Malaysia,18,French,Finished,12,6.0,7,0,41,False
1722,4,7,2,2,8.0,56,+4.585,5445114,45,1,1:34.803,210.487,1,Fernando,Alonso,Spanish,2,2,2006-03-19,15:00:00,http://en.wikipedia.org/wiki/2006_Malaysian_Grand_Prix,,Malaysia,18,French,Finished,12825,18.0,1,1,41,False
1724,4,1,1,1,10.0,56,1:31:33.736,5493736,18,4,1:35.899,208.081,1,Fernando,Alonso,Spanish,2,2,2005-03-20,15:00:00,http://en.wikipedia.org/wiki/2005_Malaysian_Grand_Prix,,Malaysia,18,French,Finished,70803,16.0,1,1,41,False
1725,4,19,7,7,2.0,56,+1:07.877,5535367,7,10,1:35.888,208.105,1,Fernando,Alonso,Spanish,2,2,2004-03-21,,http://en.wikipedia.org/wiki/2004_Malaysian_Grand_Prix,,Malaysia,18,French,Finished,12438,8.0,5,0,41,False
1727,4,1,3,3,6.0,56,+1:04.007,5606202,,,,,1,Fernando,Alonso,Spanish,2,2,2003-03-23,,http://en.wikipedia.org/wiki/2003_Malaysian_Grand_Prix,,Malaysia,18,French,Finished,12125,8.0,5,0,41,False
1729,4,10,10,10,0.0,57,+1:17.181,5544151,35,13,1:35.194,204.668,1,Fernando,Alonso,Spanish,3,3,2008-04-06,11:30:00,http://en.wikipedia.org/wiki/2008_Bahrain_Grand_Prix,,Bahrain,7,French,Finished,30,6.0,9,0,41,False
1732,4,7,8,8,1.0,57,+52.775,5560957,29,14,1:35.722,203.539,1,Fernando,Alonso,Spanish,4,3,2009-04-26,12:00:00,http://en.wikipedia.org/wiki/2009_Bahrain_Grand_Prix,,Bahrain,7,French,Finished,17755,5.0,8,0,41,False
1739,4,4,1,1,10.0,57,1:29:46.205,5386205,21,3,1:32.534,210.551,1,Fernando,Alonso,Spanish,1,3,2006-03-12,14:30:00,http://en.wikipedia.org/wiki/2006_Bahrain_Grand_Prix,,Bahrain,7,French,Finished,12807,10.0,1,1,41,False
1740,4,1,1,1,10.0,57,1:29:18.531,5358531,39,2,1:31.713,212.436,1,Fernando,Alonso,Spanish,3,3,2005-04-03,14:30:00,http://en.wikipedia.org/wiki/2005_Bahrain_Grand_Prix,,Bahrain,7,French,Finished,70824,26.0,1,2,41,False
1741,4,16,6,6,3.0,57,+53.156,5368031,39,2,1:30.654,215.116,1,Fernando,Alonso,Spanish,3,3,2004-04-04,,http://en.wikipedia.org/wiki/2004_Bahrain_Grand_Prix,,Bahrain,7,French,Finished,12455,11.0,5,0,41,False
1746,4,8,5,5,4.0,66,+43.166,5882368,14,6,1:23.420,200.887,1,Fernando,Alonso,Spanish,5,4,2009-05-10,12:00:00,http://en.wikipedia.org/wiki/2009_Spanish_Grand_Prix,,Spain,109,French,Finished,17775,9.0,8,0,41,False
1750,4,1,1,1,10.0,66,1:26:21.759,5181759,39,2,1:16.723,217.108,1,Fernando,Alonso,Spanish,6,4,2006-05-14,14:00:00,http://en.wikipedia.org/wiki/2006_Spanish_Grand_Prix,,Spain,109,French,Finished,12912,54.0,1,3,41,False
1752,4,3,2,2,8.0,66,+27.652,5264482,59,5,1:16.098,218.891,1,Fernando,Alonso,Spanish,5,4,2005-05-08,14:00:00,http://en.wikipedia.org/wiki/2005_Spanish_Grand_Prix,,Spain,109,French,Finished,70870,44.0,1,3,41,False
1754,4,8,4,4,5.0,66,+32.952,5285793,27,3,1:17.556,214.776,1,Fernando,Alonso,Spanish,5,4,2004-05-09,,http://en.wikipedia.org/wiki/2004_Spanish_Grand_Prix,,Spain,109,French,Finished,12494,21.0,4,0,41,False
1756,4,3,2,2,8.0,65,+5.7,5632633,,,,,1,Fernando,Alonso,Spanish,5,4,2003-05-04,,http://en.wikipedia.org/wiki/2003_Spanish_Grand_Prix,,Spain,109,French,Finished,12176,25.0,3,0,41,False
1757,4,7,6,6,3.0,58,+53.724,5263175,57,6,1:27.280,220.174,1,Fernando,Alonso,Spanish,5,5,2008-05-11,12:00:00,http://en.wikipedia.org/wiki/2008_Turkish_Grand_Prix,,Turkey,130,French,Finished,72,9.0,8,0,41,False
1760,4,8,10,10,0.0,58,+1:02.420,5247268,57,13,1:28.389,217.411,1,Fernando,Alonso,Spanish,7,5,2009-06-07,12:00:00,http://en.wikipedia.org/wiki/2009_Turkish_Grand_Prix,,Turkey,130,French,Finished,17875,11.0,9,0,41,False
1765,4,3,2,2,8.0,58,+5.575,5336657,38,3,1:28.245,217.766,1,Fernando,Alonso,Spanish,14,5,2006-08-27,15:00:00,http://en.wikipedia.org/wiki/2006_Turkish_Grand_Prix,,Turkey,130,French,Finished,13098,108.0,1,6,41,False
1767,4,3,2,2,8.0,58,+18.609,5093063,58,3,1:25.524,224.694,1,Fernando,Alonso,Spanish,14,5,2005-08-21,15:00:00,http://en.wikipedia.org/wiki/2005_Turkish_Grand_Prix,,Turkey,130,French,Finished,71093,95.0,1,6,41,False
1769,4,9,7,7,2.0,78,+37.839,6082121,64,4,1:15.371,159.530,1,Fernando,Alonso,Spanish,6,6,2009-05-24,12:00:00,http://en.wikipedia.org/wiki/2009_Monaco_Grand_Prix,,Monaco,7,French,Finished,17935,11.0,7,0,41,False
1775,4,1,1,1,10.0,78,1:43:43.116,6223116,11,3,1:15.671,158.898,1,Fernando,Alonso,Spanish,7,6,2006-05-28,14:00:00,http://en.wikipedia.org/wiki/2006_Monaco_Grand_Prix,,Monaco,7,French,Finished,12934,64.0,1,4,41,False
1777,4,2,4,4,5.0,78,+36.487,6352043,19,3,1:16.600,156.971,1,Fernando,Alonso,Spanish,6,6,2005-05-22,14:00:00,http://en.wikipedia.org/wiki/2005_Monaco_Grand_Prix,,Monaco,7,French,Finished,70894,49.0,1,3,41,False
1779,4,8,5,5,4.0,78,+36.251,6175261,,,,,1,Fernando,Alonso,Spanish,7,6,2003-06-01,,http://en.wikipedia.org/wiki/2003_Monaco_Grand_Prix,,Monaco,7,French,Finished,12216,29.0,3,0,41,False
1786,4,1,1,1,10.0,70,1:34:37.308,5677308,22,2,1:15.911,206.815,1,Fernando,Alonso,Spanish,9,7,2006-06-25,13:00:00,http://en.wikipedia.org/wiki/2006_Canadian_Grand_Prix,,Canada,13,French,Finished,12980,84.0,1,6,41,False
1788,4,4,4,4,5.0,70,+4.481,5478072,,,,,1,Fernando,Alonso,Spanish,8,7,2003-06-15,,http://en.wikipedia.org/wiki/2003_Canadian_Grand_Prix,,Canada,13,French,Finished,12236,34.0,3,0,41,False
1791,4,3,8,8,1.0,70,+43.372,5553617,39,8,1:17.641,204.525,1,Fernando,Alonso,Spanish,8,8,2008-06-22,12:00:00,http://en.wikipedia.org/wiki/2008_French_Grand_Prix,,France,228,French,Finished,138,10.0,9,0,41,False
1794,4,3,2,2,8.0,70,+10.1,5537903,23,5,1:17.770,204.186,1,Fernando,Alonso,Spanish,11,8,2006-07-16,14:00:00,http://en.wikipedia.org/wiki/2006_French_Grand_Prix,,France,228,French,Finished,13026,96.0,1,6,41,False
1796,4,1,1,1,10.0,70,1:31:22.232,5482232,5,2,1:16.502,207.571,1,Fernando,Alonso,Spanish,10,8,2005-07-03,14:00:00,http://en.wikipedia.org/wiki/2005_French_Grand_Prix,,France,228,French,Finished,70991,69.0,1,5,41,False
1797,4,1,2,2,8.0,70,+8.329,5426462,34,2,1:15.551,210.183,1,Fernando,Alonso,Spanish,10,8,2004-07-04,,http://en.wikipedia.org/wiki/2004_French_Grand_Prix,,France,228,French,Finished,12596,33.0,5,0,41,False
1809,4,1,1,1,10.0,60,1:25:51.927,5151927,21,1,1:21.599,226.811,1,Fernando,Alonso,Spanish,8,9,2006-06-11,12:00:00,http://en.wikipedia.org/wiki/2006_British_Grand_Prix,,UK,153,French,Finished,12957,74.0,1,5,41,False
1811,4,1,2,2,8.0,60,+2.7,5072288,40,4,1:21.228,227.847,1,Fernando,Alonso,Spanish,11,9,2005-07-10,14:00:00,http://en.wikipedia.org/wiki/2005_British_Grand_Prix,,UK,153,French,Finished,71016,77.0,1,5,41,False
1813,4,16,10,10,0.0,60,+24.835,5107535,39,8,1:20.442,230.073,1,Fernando,Alonso,Spanish,11,9,2004-07-11,,http://en.wikipedia.org/wiki/2004_British_Grand_Prix,,UK,153,French,Finished,12618,33.0,5,0,41,False
1817,4,5,11,11,0.0,67,+38.600,5519474,17,13,1:17.115,213.530,1,Fernando,Alonso,Spanish,10,10,2008-07-20,12:00:00,http://en.wikipedia.org/wiki/2008_German_Grand_Prix,,Germany,103,French,Finished,182,13.0,9,0,41,False
1821,4,7,5,5,4.0,67,+23.7,5295393,66,9,1:17.256,213.140,1,Fernando,Alonso,Spanish,12,10,2006-07-30,14:00:00,http://en.wikipedia.org/wiki/2006_German_Grand_Prix,,Germany,103,French,Finished,13050,100.0,1,6,41,False
1823,4,3,1,1,10.0,67,1:26:28.599,5188599,21,2,1:15.235,218.866,1,Fernando,Alonso,Spanish,12,10,2005-07-24,14:00:00,http://en.wikipedia.org/wiki/2005_German_Grand_Prix,,Germany,103,French,Finished,71041,87.0,1,6,41,False
1825,4,5,3,3,6.0,66,+16.351,5051199,8,5,1:14.265,221.724,1,Fernando,Alonso,Spanish,12,10,2004-07-25,,http://en.wikipedia.org/wiki/2004_German_Grand_Prix,,Germany,103,French,Finished,12640,39.0,5,0,41,False
1827,4,8,4,4,5.0,67,+1:09.344,5398113,,,,,1,Fernando,Alonso,Spanish,12,10,2003-08-03,,http://en.wikipedia.org/wiki/2003_German_Grand_Prix,,Germany,103,French,Finished,12316,44.0,6,0,41,False
1834,4,7,4,4,5.0,70,+21.614,5868681,47,8,1:21.793,192.823,1,Fernando,Alonso,Spanish,11,11,2008-08-03,12:00:00,http://en.wikipedia.org/wiki/2008_Hungarian_Grand_Prix,,Hungary,264,French,Finished,204,18.0,8,0,41,False
1839,4,5,3,3,6.0,70,+44.599,5770730,49,3,1:20.275,196.469,1,Fernando,Alonso,Spanish,13,11,2004-08-15,,http://en.wikipedia.org/wiki/2004_Hungarian_Grand_Prix,,Hungary,264,French,Finished,12663,45.0,5,0,41,False
1840,4,1,1,1,10.0,70,1:39:01.460,5941460,,,,,1,Fernando,Alonso,Spanish,13,11,2003-08-24,,http://en.wikipedia.org/wiki/2003_Hungarian_Grand_Prix,,Hungary,264,French,Finished,12337,54.0,5,1,41,False
1842,4,8,6,6,3.0,57,+27.744,5779033,46,10,1:39.494,196.076,1,Fernando,Alonso,Spanish,11,12,2009-08-23,12:00:00,http://en.wikipedia.org/wiki/2009_European_Grand_Prix,,Spain,4,French,Finished,17996,16.0,11,0,41,False
1846,4,6,4,4,5.0,44,+14.478,4993872,25,9,1:49.238,230.820,1,Fernando,Alonso,Spanish,13,13,2008-09-07,12:00:00,http://en.wikipedia.org/wiki/2008_Belgian_Grand_Prix,,Belgium,401,French,Finished,248,23.0,8,0,41,False
1859,4,4,2,2,8.0,44,+28.3,5429595,31,10,1:56.131,216.252,1,Fernando,Alonso,Spanish,16,13,2005-09-11,14:00:00,http://en.wikipedia.org/wiki/2005_Belgian_Grand_Prix,,Belgium,401,French,Finished,71146,111.0,1,6,41,False
1862,4,8,4,4,5.0,53,+23.903,5231397,51,9,1:29.961,231.820,1,Fernando,Alonso,Spanish,14,14,2008-09-14,12:00:00,http://en.wikipedia.org/wiki/2008_Italian_Grand_Prix,,Italy,162,French,Finished,270,28.0,7,0,41,False
1865,4,8,5,5,4.0,53,+59.182,4640888,50,8,1:25.199,244.777,1,Fernando,Alonso,Spanish,13,14,2009-09-13,12:00:00,http://en.wikipedia.org/wiki/2009_Italian_Grand_Prix,,Italy,162,French,Finished,18042,20.0,11,0,41,False
1877,4,2,2,2,8.0,53,+2.479,4471138,16,3,1:22.146,253.874,1,Fernando,Alonso,Spanish,15,14,2005-09-04,14:00:00,http://en.wikipedia.org/wiki/2005_Italian_Grand_Prix,,Italy,162,French,Finished,71119,103.0,1,6,41,False
1882,4,15,1,1,10.0,61,1:57:16.304,7036304,55,3,1:45.768,172.464,1,Fernando,Alonso,Spanish,15,15,2008-09-28,12:00:00,http://en.wikipedia.org/wiki/2008_Singapore_Grand_Prix,,Singapore,18,French,Finished,292,38.0,7,1,41,False
1883,4,5,3,3,6.0,61,+16.624,6982961,53,1,1:48.240,168.725,1,Fernando,Alonso,Spanish,14,15,2009-09-27,12:00:00,http://en.wikipedia.org/wiki/2009_Singapore_Grand_Prix,,Singapore,18,French,Finished,18066,26.0,8,0,41,False
1889,4,4,1,1,10.0,67,1:30:21.892,5421892,41,3,1:19.101,207.668,1,Fernando,Alonso,Spanish,16,16,2008-10-12,04:30:00,http://en.wikipedia.org/wiki/2008_Japanese_Grand_Prix,,Japan,583,French,Finished,314,48.0,7,2,41,False
1893,4,4,4,4,5.0,56,+18.370,5535773,56,5,1:36.659,203.018,1,Fernando,Alonso,Spanish,17,17,2008-10-19,07:00:00,http://en.wikipedia.org/wiki/2008_Chinese_Grand_Prix,,China,5,French,Finished,3441,53.0,6,2,41,False
1897,4,2,9,9,0.0,56,+1:24.309,7147794,38,9,1:54.481,171.413,1,Fernando,Alonso,Spanish,3,17,2009-04-19,07:00:00,http://en.wikipedia.org/wiki/2009_Chinese_Grand_Prix,,China,5,French,Finished,17715,4.0,8,0,41,False
1904,4,1,2,2,8.0,56,+3.121,5855868,49,1,1:37.586,201.090,1,Fernando,Alonso,Spanish,16,17,2006-10-01,14:00:00,http://en.wikipedia.org/wiki/2006_Chinese_Grand_Prix,,China,5,French,Finished,13148,116.0,2,6,41,False
1906,4,6,4,4,5.0,56,+32.510,5384930,55,10,1:33.625,209.597,1,Fernando,Alonso,Spanish,16,17,2004-09-26,,http://en.wikipedia.org/wiki/2004_Chinese_Grand_Prix,,China,5,French,Finished,12734,50.0,4,0,41,False
1907,4,1,1,1,10.0,56,1:39:53.618,5993618,45,2,1:33.536,209.797,1,Fernando,Alonso,Spanish,19,17,2005-10-16,14:00:00,http://en.wikipedia.org/wiki/2005_Chinese_Grand_Prix,,China,5,French,Finished,71227,133.0,1,7,41,False
1909,4,6,2,2,8.0,71,+13.298,5664733,39,8,1:14.229,208.980,1,Fernando,Alonso,Spanish,18,18,2008-11-02,17:00:00,http://en.wikipedia.org/wiki/2008_Brazilian_Grand_Prix,,Brazil,785,French,Finished,358,61.0,5,2,41,False
1913,4,4,2,2,8.0,71,+18.658,5532409,70,3,1:12.961,212.612,1,Fernando,Alonso,Spanish,18,18,2006-10-22,14:00:00,http://en.wikipedia.org/wiki/2006_Brazilian_Grand_Prix,,Brazil,785,French,Finished,13202,134.0,1,7,41,False
1915,4,8,4,4,5.0,71,+48.508,5329959,42,9,1:12.118,215.097,1,Fernando,Alonso,Spanish,18,18,2004-10-24,,http://en.wikipedia.org/wiki/2004_Brazilian_Grand_Prix,,Brazil,785,French,Finished,12784,59.0,4,0,41,False
1916,4,10,3,3,6.0,54,+6.348,5484548,,,,,1,Fernando,Alonso,Spanish,3,18,2003-04-06,,http://en.wikipedia.org/wiki/2003_Brazilian_Grand_Prix,,Brazil,785,French,Finished,12140,14.0,3,0,41,False
1919,4,1,3,3,6.0,71,+24.840,5385414,21,3,1:12.653,213.513,1,Fernando,Alonso,Spanish,17,18,2005-09-25,14:00:00,http://en.wikipedia.org/wiki/2005_Brazilian_Grand_Prix,,Brazil,785,French,Finished,71173,117.0,1,6,41,False
1923,4,5,5,5,4.0,73,+28.410,5703609,72,6,1:13.316,205.837,1,Fernando,Alonso,Spanish,10,19,2006-07-02,14:00:00,http://en.wikipedia.org/wiki/2006_United_States_Grand_Prix,,USA,223,French,Finished,13003,88.0,1,6,41,False
1928,4,12,7,7,2.0,60,+24.888,5828198,49,1,1:33.365,198.498,1,Fernando,Alonso,Spanish,9,20,2009-07-12,12:00:00,http://en.wikipedia.org/wiki/2009_German_Grand_Prix,,Germany,578,French,Finished,17955,13.0,9,0,41,False
1931,4,1,2,2,8.0,60,+3.751,5762516,37,3,1:32.532,200.285,1,Fernando,Alonso,Spanish,5,20,2006-05-07,14:00:00,http://en.wikipedia.org/wiki/2006_European_Grand_Prix,,Germany,578,French,Finished,12890,44.0,1,2,41,False
1933,4,6,1,1,10.0,59,1:31:46.648,5506648,44,1,1:30.711,204.305,1,Fernando,Alonso,Spanish,7,20,2005-05-29,14:00:00,http://en.wikipedia.org/wiki/2005_European_Grand_Prix,,Germany,578,French,Finished,70918,59.0,1,4,41,False
1935,4,6,5,5,4.0,60,+1:00.987,5616088,29,5,1:31.065,203.511,1,Fernando,Alonso,Spanish,7,20,2004-05-30,,http://en.wikipedia.org/wiki/2004_European_Grand_Prix,,Germany,578,French,Finished,12534,25.0,5,0,41,False
1937,4,8,4,4,5.0,60,+1:05.731,5749353,,,,,1,Fernando,Alonso,Spanish,9,20,2003-06-29,,http://en.wikipedia.org/wiki/2003_European_Grand_Prix,,Germany,578,French,Finished,12256,39.0,5,0,41,False
1939,4,16,10,10,0.0,53,+13.065,5313508,28,14,1:33.946,222.523,1,Fernando,Alonso,Spanish,15,22,2009-10-04,05:00:00,http://en.wikipedia.org/wiki/2009_Japanese_Grand_Prix,,Japan,45,French,Finished,18114,26.0,9,0,41,False
1942,4,5,1,1,10.0,53,1:23:52.413,5032413,14,1,1:32.676,225.572,1,Fernando,Alonso,Spanish,17,22,2006-10-08,14:00:00,http://en.wikipedia.org/wiki/2006_Japanese_Grand_Prix,,Japan,45,French,Finished,13175,126.0,1,7,41,False
1944,4,11,5,5,4.0,53,+37.767,5104752,29,12,1:34.279,221.737,1,Fernando,Alonso,Spanish,17,22,2004-10-10,,http://en.wikipedia.org/wiki/2004_Japanese_Grand_Prix,,Japan,45,French,Finished,12759,54.0,4,0,41,False
1946,4,16,3,3,6.0,53,+17.456,5359668,21,2,1:31.599,228.225,1,Fernando,Alonso,Spanish,18,22,2005-10-09,14:00:00,http://en.wikipedia.org/wiki/2005_Japanese_Grand_Prix,,Japan,45,French,Finished,71200,123.0,1,6,41,False
1948,4,15,14,14,0.0,55,+1:09.687,5713101,54,10,1:40.757,198.441,1,Fernando,Alonso,Spanish,17,24,2009-11-01,11:00:00,http://en.wikipedia.org/wiki/2009_Abu_Dhabi_Grand_Prix,,UAE,3,French,Finished,29867,26.0,9,0,41,False
1984,4,5,2,2,8.0,62,+2.096,5468582,23,1,1:24.569,211.098,1,Fernando,Alonso,Spanish,4,21,2006-04-23,14:00:00,http://en.wikipedia.org/wiki/2006_San_Marino_Grand_Prix,,Italy,37,French,Finished,12868,36.0,1,2,41,False
1986,4,2,1,1,10.0,62,1:27:41.921,5261921,22,4,1:23.133,213.619,1,Fernando,Alonso,Spanish,4,21,2005-04-24,14:00:00,http://en.wikipedia.org/wiki/2005_San_Marino_Grand_Prix,,Italy,37,French,Finished,70846,36.0,1,3,41,False
1987,4,6,4,4,5.0,62,+23.654,5203324,59,3,1:21.650,217.499,1,Fernando,Alonso,Spanish,4,21,2004-04-25,,http://en.wikipedia.org/wiki/2004_San_Marino_Grand_Prix,,Italy,37,French,Finished,12474,16.0,5,0,41,False
1989,4,8,6,6,3.0,62,+43.689,5335747,,,,,1,Fernando,Alonso,Spanish,4,21,2003-04-20,,http://en.wikipedia.org/wiki/2003_San_Marino_Grand_Prix,,Italy,37,French,Finished,12157,17.0,4,0,41,False
2192,6,3,4,4,12.0,58,+16.304,5632835,47,10,1:29.707,212.812,1,Fernando,Alonso,Spanish,2,1,2010-03-28,06:00:00,http://en.wikipedia.org/wiki/2010_Australian_Grand_Prix,,Australia,10,Italian,Finished,63761,37.0,1,1,41,False
2194,6,5,4,4,12.0,58,+31.772,5402031,49,2,1:29.487,213.336,1,Fernando,Alonso,Spanish,1,1,2011-03-27,06:00:00,http://en.wikipedia.org/wiki/2011_Australian_Grand_Prix,,Australia,10,Italian,Finished,64693,12.0,4,0,41,False
2196,6,12,5,5,10.0,58,+21.565,5671130,52,7,1:30.277,211.469,1,Fernando,Alonso,Spanish,1,1,2012-03-18,06:00:00,http://en.wikipedia.org/wiki/2012_Australian_Grand_Prix,,Australia,10,Italian,Finished,64980,10.0,5,0,41,False
2197,6,5,2,2,18.0,58,+12.451,5415676,53,3,1:29.560,213.162,1,Fernando,Alonso,Spanish,1,1,2013-03-17,06:00:00,http://en.wikipedia.org/wiki/2013_Australian_Grand_Prix,,Australia,10,Italian,Finished,65516,18.0,2,0,41,False
2199,6,5,4,4,12.0,57,+35.284,5613994,57,7,1:33.186,204.867,1,Fernando,Alonso,Spanish,1,1,2014-03-16,06:00:00,http://en.wikipedia.org/wiki/2014_Australian_Grand_Prix,,Australia,10,Italian,Finished,66616,12.0,4,0,41,False
2227,6,5,6,6,8.0,56,+37.248,5897080,49,2,1:40.717,198.127,1,Fernando,Alonso,Spanish,2,2,2011-04-10,08:00:00,http://en.wikipedia.org/wiki/2011_Malaysian_Grand_Prix,,Malaysia,18,Italian,Finished,64387,20.0,5,0,41,False
2229,6,8,1,1,25.0,56,2:44:51.812,9891812,53,7,1:41.680,196.250,1,Fernando,Alonso,Spanish,2,2,2012-03-25,08:00:00,http://en.wikipedia.org/wiki/2012_Malaysian_Grand_Prix,,Malaysia,18,Italian,Finished,64932,35.0,1,1,41,False
2232,6,4,4,4,12.0,56,+35.992,6061966,47,3,1:44.165,191.569,1,Fernando,Alonso,Spanish,2,2,2014-03-30,08:00:00,http://en.wikipedia.org/wiki/2014_Malaysian_Grand_Prix,,Malaysia,18,Italian,Finished,66638,24.0,3,0,41,False
2255,6,3,1,1,25.0,49,1:39:20.396,5960396,45,1,1:58.287,191.706,1,Fernando,Alonso,Spanish,1,3,2010-03-14,12:00:00,http://en.wikipedia.org/wiki/2010_Bahrain_Grand_Prix,,Bahrain,7,Italian,Finished,63737,25.0,1,1,41,False
2257,6,9,7,7,6.0,57,+57.803,5768793,44,15,1:38.203,198.397,1,Fernando,Alonso,Spanish,4,3,2012-04-22,12:00:00,http://en.wikipedia.org/wiki/2012_Bahrain_Grand_Prix,,Bahrain,7,Italian,Finished,65004,43.0,5,1,41,False
2259,6,3,8,8,4.0,57,+37.574,5798072,41,3,1:37.204,200.436,1,Fernando,Alonso,Spanish,4,3,2013-04-21,12:00:00,http://en.wikipedia.org/wiki/2013_Bahrain_Grand_Prix,,Bahrain,7,Italian,Finished,65582,47.0,4,1,41,False
2261,6,9,9,9,2.0,57,+32.595,6015338,53,12,1:39.732,195.355,1,Fernando,Alonso,Spanish,3,3,2014-04-06,15:00:00,http://en.wikipedia.org/wiki/2014_Bahrain_Grand_Prix,,Bahrain,7,Italian,Finished,66660,26.0,4,0,41,False
2284,6,4,2,2,18.0,66,+24.065,5768166,57,3,1:24.846,197.510,1,Fernando,Alonso,Spanish,5,4,2010-05-09,12:00:00,http://en.wikipedia.org/wiki/2010_Spanish_Grand_Prix,,Spain,109,Italian,Finished,63833,67.0,2,1,41,False
2286,6,2,2,2,18.0,66,+3.195,5952340,46,3,1:27.390,191.761,1,Fernando,Alonso,Spanish,5,4,2012-05-13,12:00:00,http://en.wikipedia.org/wiki/2012_Spanish_Grand_Prix,,Spain,109,Italian,Finished,65028,61.0,2,1,41,False
2287,6,5,1,1,25.0,66,1:39:16.596,5956596,53,5,1:26.681,193.329,1,Fernando,Alonso,Spanish,5,4,2013-05-12,12:00:00,http://en.wikipedia.org/wiki/2013_Spanish_Grand_Prix,,Spain,109,Italian,Finished,65626,72.0,3,2,41,False
2289,6,7,6,6,8.0,66,+1:27.743,6152898,55,4,1:29.898,186.411,1,Fernando,Alonso,Spanish,5,4,2014-05-11,12:00:00,http://en.wikipedia.org/wiki/2014_Spanish_Grand_Prix,,Spain,109,Italian,Finished,66704,49.0,3,0,41,False
2326,6,12,8,8,4.0,58,+46.544,5374164,56,11,1:30.011,213.493,1,Fernando,Alonso,Spanish,7,5,2010-05-30,11:00:00,http://en.wikipedia.org/wiki/2010_Turkish_Grand_Prix,,Turkey,130,Italian,Finished,63905,79.0,4,1,41,False
2328,6,5,3,3,15.0,58,+10.075,5427633,48,6,1:30.279,212.860,1,Fernando,Alonso,Spanish,4,5,2011-05-08,12:00:00,http://en.wikipedia.org/wiki/2011_Turkish_Grand_Prix,,Turkey,130,Italian,Finished,64435,41.0,5,0,41,False
2341,6,24,6,6,8.0,78,+6.341,6619696,73,6,1:15.905,158.408,1,Fernando,Alonso,Spanish,6,6,2010-05-16,12:00:00,http://en.wikipedia.org/wiki/2010_Monaco_Grand_Prix,,Monaco,7,Italian,Finished,63881,75.0,3,1,41,False
2343,6,4,2,2,18.0,78,+1.138,7779511,77,4,1:16.471,157.236,1,Fernando,Alonso,Spanish,6,6,2011-05-29,12:00:00,http://en.wikipedia.org/wiki/2011_Monaco_Grand_Prix,,Monaco,7,Italian,Finished,64483,69.0,5,0,41,False
2344,6,5,3,3,15.0,78,+0.947,6367504,45,5,1:18.857,152.478,1,Fernando,Alonso,Spanish,6,6,2012-05-27,12:00:00,http://en.wikipedia.org/wiki/2012_Monaco_Grand_Prix,,Monaco,7,Italian,Finished,65052,76.0,1,1,41,False
2346,6,6,7,7,6.0,78,+26.734,8298790,77,12,1:19.340,151.550,1,Fernando,Alonso,Spanish,6,6,2013-05-26,12:00:00,http://en.wikipedia.org/wiki/2013_Monaco_Grand_Prix,,Monaco,7,Italian,Finished,65648,78.0,3,2,41,False
2347,6,5,4,4,12.0,78,+32.452,6600113,54,5,1:19.727,150.814,1,Fernando,Alonso,Spanish,6,6,2014-05-25,12:00:00,http://en.wikipedia.org/wiki/2014_Monaco_Grand_Prix,,Monaco,7,Italian,Finished,66726,61.0,3,0,41,False
2410,6,3,3,3,15.0,70,+9.214,5642670,44,6,1:18.207,200.744,1,Fernando,Alonso,Spanish,8,7,2010-06-13,16:00:00,http://en.wikipedia.org/wiki/2010_Canadian_Grand_Prix,,Canada,13,Italian,Finished,63929,94.0,4,1,41,False
2412,6,3,5,5,10.0,70,+13.411,5562997,42,15,1:17.820,201.742,1,Fernando,Alonso,Spanish,7,7,2012-06-10,18:00:00,http://en.wikipedia.org/wiki/2012_Canadian_Grand_Prix,,Canada,13,Italian,Finished,65076,86.0,2,1,41,False
2414,6,6,2,2,18.0,70,+14.408,5543551,69,2,1:16.203,206.023,1,Fernando,Alonso,Spanish,7,7,2013-06-09,18:00:00,http://en.wikipedia.org/wiki/2013_Canadian_Grand_Prix,,Canada,13,Italian,Finished,65670,96.0,2,2,41,False
2415,6,7,6,6,8.0,70,+14.869,5967699,64,3,1:18.614,199.704,1,Fernando,Alonso,Spanish,7,7,2014-06-08,18:00:00,http://en.wikipedia.org/wiki/2014_Canadian_Grand_Prix,,Canada,13,Italian,Finished,66748,69.0,4,0,41,False
2489,6,3,14,14,0.0,52,+1:02.385,5140585,52,1,1:30.874,233.373,1,Fernando,Alonso,Spanish,10,9,2010-07-11,12:00:00,http://en.wikipedia.org/wiki/2010_British_Grand_Prix,,UK,153,Italian,Finished,63977,98.0,5,1,41,False
2491,6,3,1,1,25.0,52,1:28:41.196,5321196,41,1,1:34.908,223.454,1,Fernando,Alonso,Spanish,9,9,2011-07-10,12:00:00,http://en.wikipedia.org/wiki/2011_British_Grand_Prix,,UK,153,Italian,Finished,64557,112.0,3,1,41,False
2493,6,1,2,2,18.0,52,+3.060,5114348,49,7,1:35.385,222.336,1,Fernando,Alonso,Spanish,9,9,2012-07-08,12:00:00,http://en.wikipedia.org/wiki/2012_British_Grand_Prix,,UK,153,Italian,Finished,65124,129.0,1,2,41,False
2495,6,9,3,3,15.0,52,+7.124,5586580,50,3,1:34.090,225.396,1,Fernando,Alonso,Spanish,8,9,2013-06-30,12:00:00,http://en.wikipedia.org/wiki/2013_British_Grand_Prix,,UK,153,Italian,Finished,65714,111.0,2,2,41,False
2497,6,16,6,6,8.0,52,+59.946,8872040,52,8,1:38.587,215.115,1,Fernando,Alonso,Spanish,9,9,2014-07-06,12:00:00,http://en.wikipedia.org/wiki/2014_British_Grand_Prix,,UK,153,Italian,Finished,66792,87.0,4,0,41,False
2552,6,2,1,1,25.0,67,1:27:38.864,5258864,66,2,1:15.880,217.005,1,Fernando,Alonso,Spanish,11,10,2010-07-25,12:00:00,http://en.wikipedia.org/wiki/2010_German_Grand_Prix,,Germany,103,Italian,Finished,64002,123.0,5,2,41,False
2554,6,1,1,1,25.0,67,1:31:05.862,5465862,66,2,1:19.044,208.319,1,Fernando,Alonso,Spanish,10,10,2012-07-22,12:00:00,http://en.wikipedia.org/wiki/2012_German_Grand_Prix,,Germany,103,Italian,Finished,65172,154.0,1,3,41,False
2556,6,7,5,5,10.0,67,+52.467,5675381,57,3,1:20.548,204.429,1,Fernando,Alonso,Spanish,10,10,2014-07-20,12:00:00,http://en.wikipedia.org/wiki/2014_German_Grand_Prix,,Germany,103,Italian,Finished,66814,97.0,4,0,41,False
2597,6,3,2,2,18.0,70,+17.821,6083392,67,4,1:23.195,189.573,1,Fernando,Alonso,Spanish,12,11,2010-08-01,12:00:00,http://en.wikipedia.org/wiki/2010_Hungarian_Grand_Prix,,Hungary,264,Italian,Finished,64027,141.0,5,2,41,False
2599,6,5,3,3,15.0,70,+19.819,6422156,62,3,1:23.711,188.405,1,Fernando,Alonso,Spanish,11,11,2011-07-31,12:00:00,http://en.wikipedia.org/wiki/2011_Hungarian_Grand_Prix,,Hungary,264,Italian,Finished,64610,145.0,4,1,41,False
2601,6,6,5,5,10.0,69,+26.653,6092156,65,7,1:25.738,183.951,1,Fernando,Alonso,Spanish,11,11,2012-07-29,12:00:00,http://en.wikipedia.org/wiki/2012_Hungarian_Grand_Prix,,Hungary,264,Italian,Finished,65196,164.0,1,3,41,False
2603,6,5,5,5,10.0,70,+31.411,6180856,56,8,1:25.394,184.692,1,Fernando,Alonso,Spanish,10,11,2013-07-28,12:00:00,http://en.wikipedia.org/wiki/2013_Hungarian_Grand_Prix,,Hungary,264,Italian,Finished,65758,133.0,3,2,41,False
2605,6,5,2,2,18.0,70,+5.225,6790283,40,5,1:27.419,180.413,1,Fernando,Alonso,Spanish,11,11,2014-07-27,12:00:00,http://en.wikipedia.org/wiki/2014_Hungarian_Grand_Prix,,Hungary,264,Italian,Finished,66836,115.0,4,0,41,False
2637,6,4,8,8,4.0,57,+32.809,6062380,50,10,1:39.889,195.300,1,Fernando,Alonso,Spanish,9,12,2010-06-27,12:00:00,http://en.wikipedia.org/wiki/2010_European_Grand_Prix,,Spain,4,Italian,Finished,63953,98.0,5,1,41,False
2639,6,4,2,2,18.0,57,+10.891,5987060,49,2,1:42.308,190.683,1,Fernando,Alonso,Spanish,8,12,2011-06-26,12:00:00,http://en.wikipedia.org/wiki/2011_European_Grand_Prix,,Spain,4,Italian,Finished,64532,87.0,5,0,41,False
2641,6,11,1,1,25.0,57,1:44:16.649,6256649,40,5,1:43.666,188.185,1,Fernando,Alonso,Spanish,8,12,2012-06-24,12:00:00,http://en.wikipedia.org/wiki/2012_European_Grand_Prix,,Spain,4,Italian,Finished,65100,111.0,1,2,41,False
2648,6,8,4,4,12.0,44,+13.022,5217915,41,5,1:51.107,226.937,1,Fernando,Alonso,Spanish,12,13,2011-08-28,12:00:00,http://en.wikipedia.org/wiki/2011_Belgian_Grand_Prix,,Belgium,401,Italian,Finished,64665,157.0,3,1,41,False
2651,6,9,2,2,18.0,44,+16.869,5039065,36,4,1:51.383,226.375,1,Fernando,Alonso,Spanish,11,13,2013-08-25,12:00:00,http://en.wikipedia.org/wiki/2013_Belgian_Grand_Prix,,Belgium,401,Italian,Finished,65780,151.0,2,2,41,False
2653,6,4,7,7,6.0,44,+1:01.162,5137718,29,11,1:53.879,221.413,1,Fernando,Alonso,Spanish,12,13,2014-08-24,12:00:00,http://en.wikipedia.org/wiki/2014_Belgian_Grand_Prix,,Belgium,401,Italian,Finished,66858,121.0,4,0,41,False
2713,6,1,1,1,25.0,53,1:16:24.572,4584572,52,1,1:24.139,247.861,1,Fernando,Alonso,Spanish,14,14,2010-09-12,12:00:00,http://en.wikipedia.org/wiki/2010_Italian_Grand_Prix,,Italy,162,Italian,Finished,64077,166.0,3,3,41,False
2715,6,4,3,3,15.0,53,+16.909,4863081,50,6,1:27.191,239.185,1,Fernando,Alonso,Spanish,13,14,2011-09-11,12:00:00,http://en.wikipedia.org/wiki/2011_Italian_Grand_Prix,,Italy,162,Italian,Finished,64713,172.0,2,1,41,False
2717,6,10,3,3,15.0,53,+20.594,4801815,44,11,1:28.835,234.758,1,Fernando,Alonso,Spanish,13,14,2012-09-09,12:00:00,http://en.wikipedia.org/wiki/2012_Italian_Grand_Prix,,Italy,162,Italian,Finished,65244,179.0,1,3,41,False
2719,6,5,2,2,18.0,53,+5.467,4718819,52,5,1:26.797,240.270,1,Fernando,Alonso,Spanish,12,14,2013-09-08,12:00:00,http://en.wikipedia.org/wiki/2013_Italian_Grand_Prix,,Italy,162,Italian,Finished,65802,169.0,2,2,41,False
2811,6,1,1,1,25.0,61,1:57:53.579,7073579,58,1,1:47.976,169.137,1,Fernando,Alonso,Spanish,15,15,2010-09-26,12:00:00,http://en.wikipedia.org/wiki/2010_Singapore_Grand_Prix,,Singapore,18,Italian,Finished,64156,191.0,2,4,41,False
2813,6,5,4,4,12.0,61,+55.449,7202206,58,5,1:50.891,164.691,1,Fernando,Alonso,Spanish,14,15,2011-09-25,12:00:00,http://en.wikipedia.org/wiki/2011_Singapore_Grand_Prix,,Singapore,18,Italian,Finished,64741,184.0,3,1,41,False
2814,6,5,3,3,15.0,59,+15.227,7241371,53,5,1:52.709,162.034,1,Fernando,Alonso,Spanish,14,15,2012-09-23,12:00:00,http://en.wikipedia.org/wiki/2012_Singapore_Grand_Prix,,Singapore,18,Italian,Finished,65344,194.0,1,3,41,False
2816,6,7,2,2,18.0,61,+32.627,7185759,44,11,1:51.082,164.149,1,Fernando,Alonso,Spanish,13,15,2013-09-22,12:00:00,http://en.wikipedia.org/wiki/2013_Singapore_Grand_Prix,,Singapore,18,Italian,Finished,65824,187.0,2,2,41,False
2818,6,5,4,4,12.0,60,+15.389,7220184,27,6,1:52.115,162.636,1,Fernando,Alonso,Spanish,14,15,2014-09-21,12:00:00,http://en.wikipedia.org/wiki/2014_Singapore_Grand_Prix,,Singapore,18,Italian,Finished,66904,133.0,4,0,41,False
2840,6,3,4,4,12.0,56,+11.869,6414032,14,9,1:44.134,188.445,1,Fernando,Alonso,Spanish,4,17,2010-04-18,06:00:00,http://en.wikipedia.org/wiki/2010_Chinese_Grand_Prix,,China,5,Italian,Finished,63809,49.0,3,1,41,False
2842,6,5,7,7,6.0,56,+30.622,5848848,41,15,1:42.070,192.256,1,Fernando,Alonso,Spanish,3,17,2011-04-17,07:00:00,http://en.wikipedia.org/wiki/2011_Chinese_Grand_Prix,,China,5,Italian,Finished,64411,26.0,5,0,41,False
2844,6,9,9,9,2.0,56,+37.256,5824185,41,12,1:41.152,194.001,1,Fernando,Alonso,Spanish,3,17,2012-04-15,07:00:00,http://en.wikipedia.org/wiki/2012_Chinese_Grand_Prix,,China,5,Italian,Finished,64956,37.0,3,1,41,False
2846,6,3,1,1,25.0,56,1:36:26.945,5786945,46,4,1:39.506,197.210,1,Fernando,Alonso,Spanish,3,17,2013-04-14,07:00:00,http://en.wikipedia.org/wiki/2013_Chinese_Grand_Prix,,China,5,Italian,Finished,65560,43.0,3,1,41,False
2848,6,5,3,3,15.0,54,+23.604,5631942,48,4,1:42.081,192.235,1,Fernando,Alonso,Spanish,4,17,2014-04-20,07:00:00,http://en.wikipedia.org/wiki/2014_Chinese_Grand_Prix,,China,5,Italian,Finished,66682,41.0,3,0,41,False
2869,6,5,3,3,15.0,71,+6.807,5598610,67,2,1:13.855,210.038,1,Fernando,Alonso,Spanish,18,18,2010-11-07,16:00:00,http://en.wikipedia.org/wiki/2010_Brazilian_Grand_Prix,,Brazil,785,Italian,Finished,64264,246.0,1,5,41,False
2870,6,5,4,4,12.0,71,+35.048,5572512,65,4,1:16.181,203.625,1,Fernando,Alonso,Spanish,19,18,2011-11-27,16:00:00,http://en.wikipedia.org/wiki/2011_Brazilian_Grand_Prix,,Brazil,785,Italian,Finished,64881,257.0,4,1,41,False
2872,6,7,2,2,18.0,71,+2.754,6325410,36,4,1:18.623,197.301,1,Fernando,Alonso,Spanish,20,18,2012-11-25,16:00:00,http://en.wikipedia.org/wiki/2012_Brazilian_Grand_Prix,,Brazil,785,Italian,Finished,65494,278.0,2,3,41,False
2874,6,3,3,3,15.0,71,+18.913,5575213,50,2,1:15.496,205.473,1,Fernando,Alonso,Spanish,19,18,2013-11-24,16:00:00,http://en.wikipedia.org/wiki/2013_Brazilian_Grand_Prix,,Brazil,785,Italian,Finished,65957,242.0,2,2,41,False
2876,6,8,6,6,8.0,71,+1:01.906,5464461,55,10,1:14.313,208.744,1,Fernando,Alonso,Spanish,18,18,2014-11-09,16:00:00,http://en.wikipedia.org/wiki/2014_Brazilian_Grand_Prix,,Brazil,785,Italian,Finished,66996,157.0,5,0,41,False
2928,6,4,2,2,18.0,60,+3.980,5854314,60,5,1:34.626,195.853,1,Fernando,Alonso,Spanish,10,20,2011-07-24,12:00:00,http://en.wikipedia.org/wiki/2011_German_Grand_Prix,,Germany,578,Italian,Finished,64583,130.0,4,1,41,False
2930,6,8,4,4,12.0,60,+7.721,6082432,51,1,1:33.468,198.279,1,Fernando,Alonso,Spanish,9,20,2013-07-07,12:00:00,http://en.wikipedia.org/wiki/2013_German_Grand_Prix,,Germany,578,Italian,Finished,65736,123.0,2,2,41,False
2994,6,4,3,3,15.0,53,+2.721,5430044,53,4,1:33.823,222.815,1,Fernando,Alonso,Spanish,16,22,2010-10-10,06:00:00,http://en.wikipedia.org/wiki/2010_Japanese_Grand_Prix,,Japan,45,Italian,Finished,64183,206.0,2,4,41,False
2995,6,5,2,2,18.0,53,+1.160,5454587,50,4,1:36.682,216.226,1,Fernando,Alonso,Spanish,15,22,2011-10-09,06:00:00,http://en.wikipedia.org/wiki/2011_Japanese_Grand_Prix,,Japan,45,Italian,Finished,64769,202.0,3,1,41,False
2998,6,8,4,4,12.0,53,+45.605,5254906,39,8,1:35.877,218.041,1,Fernando,Alonso,Spanish,15,22,2013-10-13,06:00:00,http://en.wikipedia.org/wiki/2013_Japanese_Grand_Prix,,Japan,45,Italian,Finished,65868,207.0,2,2,41,False
3033,6,3,7,7,6.0,55,+43.797,6020634,52,7,1:42.227,195.588,1,Fernando,Alonso,Spanish,19,24,2010-11-14,13:00:00,http://en.wikipedia.org/wiki/2010_Abu_Dhabi_Grand_Prix,,UAE,3,Italian,Finished,64291,252.0,2,5,41,False
3035,6,5,2,2,18.0,55,+8.457,5840343,41,6,1:43.914,192.412,1,Fernando,Alonso,Spanish,18,24,2011-11-13,13:00:00,http://en.wikipedia.org/wiki/2011_Abu_Dhabi_Grand_Prix,,UAE,3,Italian,Finished,64853,245.0,3,1,41,False
3037,6,6,2,2,18.0,55,+0.852,6359519,53,2,1:44.090,192.087,1,Fernando,Alonso,Spanish,18,24,2012-11-04,13:00:00,http://en.wikipedia.org/wiki/2012_Abu_Dhabi_Grand_Prix,,UAE,3,Italian,Finished,65444,245.0,2,3,41,False
3039,6,10,5,5,10.0,55,+1:07.181,5953287,55,1,1:43.434,193.305,1,Fernando,Alonso,Spanish,17,24,2013-11-03,13:00:00,http://en.wikipedia.org/wiki/2013_Abu_Dhabi_Grand_Prix,,UAE,3,Italian,Finished,65912,217.0,2,2,41,False
3041,6,8,9,9,4.0,55,+1:25.813,6028432,45,12,1:47.424,186.126,1,Fernando,Alonso,Spanish,19,24,2014-11-23,13:00:00,http://en.wikipedia.org/wiki/2014_Abu_Dhabi_Grand_Prix,,UAE,3,Italian,Finished,67019,161.0,6,0,41,False
3056,6,3,1,1,25.0,55,2:48:20.810,10100810,42,1,1:50.257,183.335,1,Fernando,Alonso,Spanish,17,35,2010-10-24,05:00:00,http://en.wikipedia.org/wiki/2010_Korean_Grand_Prix,,Korea,0,Italian,Finished,64237,231.0,1,5,41,False
3058,6,6,5,5,10.0,55,+15.689,5897683,41,6,1:40.547,201.040,1,Fernando,Alonso,Spanish,16,35,2011-10-16,06:00:00,http://en.wikipedia.org/wiki/2011_Korean_Grand_Prix,,Korea,0,Italian,Finished,64797,212.0,3,1,41,False
3060,6,4,3,3,15.0,55,+13.944,5802595,52,3,1:42.442,197.321,1,Fernando,Alonso,Spanish,16,35,2012-10-14,06:00:00,http://en.wikipedia.org/wiki/2012_Korean_Grand_Prix,,Korea,0,Italian,Finished,65394,209.0,2,3,41,False
3062,6,5,6,6,8.0,55,+26.189,6219890,54,7,1:42.709,196.808,1,Fernando,Alonso,Spanish,14,35,2013-10-06,06:00:00,http://en.wikipedia.org/wiki/2013_Korean_Grand_Prix,,Korea,0,Italian,Finished,65846,195.0,2,2,41,False
3064,6,3,3,3,15.0,60,+24.301,5459303,58,3,1:27.953,209.771,1,Fernando,Alonso,Spanish,17,68,2011-10-30,09:30:00,http://en.wikipedia.org/wiki/2011_Indian_Grand_Prix,,India,194,Italian,Finished,64825,227.0,3,1,41,False
3065,6,5,2,2,18.0,60,+9.437,5480181,60,3,1:28.630,208.168,1,Fernando,Alonso,Spanish,17,68,2012-10-28,09:30:00,http://en.wikipedia.org/wiki/2012_Indian_Grand_Prix,,India,194,Italian,Finished,65419,227.0,2,3,41,False
3067,6,8,11,11,0.0,60,+1:18.297,5550484,58,6,1:28.709,207.983,1,Fernando,Alonso,Spanish,16,68,2013-10-27,09:30:00,http://en.wikipedia.org/wiki/2013_Indian_Grand_Prix,,India,194,Italian,Finished,65890,207.0,2,2,41,False
3069,6,7,3,3,15.0,56,+39.229,5794498,56,4,1:39.672,199.121,1,Fernando,Alonso,Spanish,19,69,2012-11-18,19:00:00,http://en.wikipedia.org/wiki/2012_United_States_Grand_Prix,,USA,161,Italian,Finished,65469,260.0,2,3,41,False
3071,6,6,5,5,10.0,56,+29.592,5986740,52,10,1:41.186,196.141,1,Fernando,Alonso,Spanish,18,69,2013-11-17,19:00:00,http://en.wikipedia.org/wiki/2013_United_States_Grand_Prix,,USA,161,Italian,Finished,65934,227.0,2,2,41,False
3073,6,6,6,6,8.0,56,+1:35.231,6100016,47,2,1:41.474,195.585,1,Fernando,Alonso,Spanish,17,69,2014-11-02,20:00:00,http://en.wikipedia.org/wiki/2014_United_States_Grand_Prix,,USA,161,Italian,Finished,66973,149.0,6,0,41,False
3084,6,4,5,5,10.0,71,+18.553,5293529,58,5,1:12.595,214.527,1,Fernando,Alonso,Spanish,8,70,2014-06-22,12:00:00,http://en.wikipedia.org/wiki/2014_Austrian_Grand_Prix,,Austria,678,Italian,Finished,66770,79.0,4,0,41,False
3124,6,7,6,6,8.0,53,+1:00.016,5570760,53,6,1:42.179,206.038,1,Fernando,Alonso,Spanish,16,71,2014-10-12,11:00:00,http://en.wikipedia.org/wiki/2014_Russian_Grand_Prix,,Russia,2,Italian,Finished,66950,141.0,6,0,41,False
5259,214,8,9,9,2.0,57,+22.390,5875974,44,10,1:36.733,201.412,1,Fernando,Alonso,Spanish,1,3,2022-03-20,15:00:00,http://en.wikipedia.org/wiki/2022_Bahrain_Grand_Prix,2022-03-19,Bahrain,7,French,Finished,71384,2.0,9,0,41,True
5262,214,7,7,7,6.0,64,+46.358,7036623,50,3,1:15.882,158.314,1,Fernando,Alonso,Spanish,7,6,2022-05-29,13:00:00,http://en.wikipedia.org/wiki/2022_Monaco_Grand_Prix,2022-05-28,Monaco,7,French,Finished,71404,10.0,13,0,41,True
5264,214,2,9,9,2.0,70,+29.945,5811702,63,6,1:16.578,205.014,1,Fernando,Alonso,Spanish,9,7,2022-06-19,18:00:00,http://en.wikipedia.org/wiki/2022_Canadian_Grand_Prix,2022-06-18,Canada,13,French,Finished,71467,18.0,10,0,41,True
5266,214,7,7,7,6.0,52,+1:12.093,7175377,48,10,1:31.698,231.276,1,Fernando,Alonso,Spanish,10,9,2021-07-18,14:00:00,http://en.wikipedia.org/wiki/2021_British_Grand_Prix,2021-07-16,UK,153,French,Finished,70489,26.0,11,0,41,False
5268,214,7,5,5,10.0,52,+9.571,8279882,47,5,1:31.609,231.501,1,Fernando,Alonso,Spanish,10,9,2022-07-03,14:00:00,http://en.wikipedia.org/wiki/2022_British_Grand_Prix,2022-07-02,UK,153,French,Finished,71488,28.0,10,0,41,True
5269,214,9,4,4,12.0,70,+15.651,7498850,41,3,1:20.359,196.264,1,Fernando,Alonso,Spanish,11,11,2021-08-01,13:00:00,http://en.wikipedia.org/wiki/2021_Hungarian_Grand_Prix,2021-07-31,Hungary,264,French,Finished,70529,38.0,11,0,41,False
5271,214,12,11,11,0.0,1,+20.590,227661,,0,,,1,Fernando,Alonso,Spanish,12,13,2021-08-29,13:00:00,http://en.wikipedia.org/wiki/2021_Belgian_Grand_Prix,2021-08-28,Belgium,401,French,Finished,70549,38.0,11,0,41,False
5273,214,3,5,5,10.0,44,+1:13.256,5226150,35,13,1:52.868,223.397,1,Fernando,Alonso,Spanish,14,13,2022-08-28,13:00:00,http://en.wikipedia.org/wiki/2022_Belgian_Grand_Prix,2022-08-27,Belgium,401,French,Finished,71572,51.0,9,0,41,True
5275,214,10,8,8,4.0,53,+17.201,4931566,52,7,1:25.472,243.995,1,Fernando,Alonso,Spanish,14,14,2021-09-12,13:00:00,http://en.wikipedia.org/wiki/2021_Italian_Grand_Prix,2021-09-10,Italy,162,French,Finished,70590,50.0,10,0,41,False
5278,214,17,5,5,10.0,71,+9.561,5923605,62,4,1:14.164,209.163,1,Fernando,Alonso,Spanish,21,18,2022-11-13,18:00:00,http://en.wikipedia.org/wiki/2022_Brazilian_Grand_Prix,2022-11-11,Brazil,785,French,Finished,71790,81.0,9,0,41,True
5280,214,7,7,7,6.0,28,+46.369,10950373,25,2,1:44.412,200.218,1,Fernando,Alonso,Spanish,18,22,2022-10-09,05:00:00,http://en.wikipedia.org/wiki/2022_Japanese_Grand_Prix,2022-10-08,Japan,45,French,Finished,71680,65.0,9,0,41,True
5282,214,11,8,8,4.0,58,+1:01.708,5479053,58,8,1:27.607,217.010,1,Fernando,Alonso,Spanish,22,24,2021-12-12,13:00:00,http://en.wikipedia.org/wiki/2021_Abu_Dhabi_Grand_Prix,2021-12-11,UAE,3,French,Finished,70758,81.0,10,0,41,False
5285,214,14,7,7,6.0,56,+55.078,6186765,39,8,1:41.538,195.461,1,Fernando,Alonso,Spanish,19,69,2022-10-23,19:00:00,http://en.wikipedia.org/wiki/2022_United_States_Grand_Prix,2022-10-22,USA,161,French,Finished,71746,71.0,9,0,41,True
5288,214,6,6,6,8.0,53,+1:21.321,5522322,44,6,1:38.686,213.331,1,Fernando,Alonso,Spanish,15,71,2021-09-26,12:00:00,http://en.wikipedia.org/wiki/2021_Russian_Grand_Prix,2021-09-25,Russia,2,French,Finished,70611,58.0,10,0,41,False
5289,214,8,6,6,8.0,51,+6.382,8022792,42,11,1:45.624,204.601,1,Fernando,Alonso,Spanish,6,73,2021-06-06,12:00:00,http://en.wikipedia.org/wiki/2021_Azerbaijan_Grand_Prix,2021-06-05,Azerbaijan,-7,French,Finished,70389,13.0,11,0,41,False
5290,214,10,7,7,6.0,51,+1:28.596,5734537,49,8,1:47.989,200.120,1,Fernando,Alonso,Spanish,8,73,2022-06-12,11:00:00,http://en.wikipedia.org/wiki/2022_Azerbaijan_Grand_Prix,2022-06-11,Azerbaijan,-7,French,Finished,71425,16.0,11,0,41,True
5292,214,9,8,8,4.0,53,+1:17.695,5323465,44,7,1:37.646,215.382,1,Fernando,Alonso,Spanish,7,34,2021-06-20,13:00:00,http://en.wikipedia.org/wiki/2021_French_Grand_Prix,2021-06-19,France,432,French,Finished,70409,17.0,11,0,41,False
5293,214,7,6,6,8.0,53,+42.879,5444991,53,8,1:38.160,214.254,1,Fernando,Alonso,Spanish,12,34,2022-07-24,13:00:00,http://en.wikipedia.org/wiki/2022_French_Grand_Prix,2022-07-23,France,432,French,Finished,71530,37.0,10,0,41,True
5295,214,13,8,8,4.0,66,+1:04.808,5673229,66,5,1:21.032,206.718,1,Fernando,Alonso,Spanish,3,75,2021-05-02,14:00:00,http://en.wikipedia.org/wiki/2021_Portuguese_Grand_Prix,2021-05-01,Portugal,108,French,Finished,70329,5.0,12,0,41,False
5297,214,15,10,10,1.0,63,+66.561,7421159,62,14,1:19.417,222.526,1,Fernando,Alonso,Spanish,2,21,2021-04-18,13:00:00,http://en.wikipedia.org/wiki/2021_Emilia_Romagna_Grand_Prix,2021-04-17,Italy,37,French,Finished,70309,1.0,13,0,41,False
5299,214,13,6,6,8.0,72,+18.754,5821527,51,4,1:14.144,206.792,1,Fernando,Alonso,Spanish,15,39,2022-09-04,13:00:00,http://en.wikipedia.org/wiki/2022_Dutch_Grand_Prix,2022-09-03,Netherlands,6,French,Finished,71593,59.0,9,0,41,True
5301,214,3,3,3,15.0,57,+59.457,5127928,48,10,1:26.682,223.437,1,Fernando,Alonso,Spanish,20,78,2021-11-21,14:00:00,http://en.wikipedia.org/wiki/2021_Qatar_Grand_Prix,2021-11-20,Qatar,,French,Finished,70716,77.0,10,0,41,False
5305,214,11,11,11,0.0,57,+37.128,5701386,53,13,1:33.331,208.753,1,Fernando,Alonso,Spanish,5,79,2022-05-08,19:30:00,http://en.wikipedia.org/wiki/2022_Miami_Grand_Prix,2022-05-07,USA,,French,Finished,71342,2.0,16,0,41,True
7223,1,11,R,21,0.0,16,,,14,11,1:32.553,206.268,4,Fernando,Alonso,Spanish,1,1,2016-03-20,05:00:00,http://en.wikipedia.org/wiki/2016_Australian_Grand_Prix,,Australia,10,British,Collision,68106,0.0,21,0,41,False
7274,1,13,R,18,0.0,1,,,5,17,1:40.933,196.633,4,Fernando,Alonso,Spanish,18,69,2018-10-21,18:10:00,http://en.wikipedia.org/wiki/2018_United_States_Grand_Prix,,USA,161,British,Collision,69053,50.0,10,0,41,False
7275,1,19,R,20,0.0,0,,,,0,,,4,Fernando,Alonso,Spanish,8,70,2015-06-21,12:00:00,http://en.wikipedia.org/wiki/2015_Austrian_Grand_Prix,,Austria,678,British,Collision,67221,0.0,18,0,41,False
7374,4,12,R,20,0.0,0,,,,,,,4,Fernando,Alonso,Spanish,12,12,2008-08-24,12:00:00,http://en.wikipedia.org/wiki/2008_European_Grand_Prix,,Spain,4,French,Collision,226,18.0,8,0,41,False
7420,6,3,R,22,0.0,1,,,,0,,,4,Fernando,Alonso,Spanish,2,2,2013-03-24,08:00:00,http://en.wikipedia.org/wiki/2013_Malaysian_Grand_Prix,,Malaysia,18,Italian,Collision,65538,18.0,6,0,41,False
7430,6,2,R,22,0.0,36,,,14,22,1:34.223,166.621,4,Fernando,Alonso,Spanish,7,7,2011-06-12,17:00:00,http://en.wikipedia.org/wiki/2011_Canadian_Grand_Prix,,Canada,13,Italian,Collision,64507,69.0,5,0,41,False
7439,6,5,R,22,0.0,0,,,,0,,,4,Fernando,Alonso,Spanish,12,13,2012-09-02,12:00:00,http://en.wikipedia.org/wiki/2012_Belgian_Grand_Prix,,Belgium,401,Italian,Collision,65220,164.0,1,3,41,False
7451,6,6,R,23,0.0,0,,,,0,,,4,Fernando,Alonso,Spanish,15,22,2012-10-07,06:00:00,http://en.wikipedia.org/wiki/2012_Japanese_Grand_Prix,,Japan,45,Italian,Collision,65369,194.0,1,3,41,False
7996,1,7,12,12,0.0,64,,,64,4,1:23.894,199.752,12,Fernando,Alonso,Spanish,5,4,2017-05-14,12:00:00,http://en.wikipedia.org/wiki/2017_Spanish_Grand_Prix,,Spain,109,British,+2 Laps,68251,0.0,18,0,41,False
8006,1,17,17,17,0.0,69,,,57,14,1:12.643,213.542,12,Fernando,Alonso,Spanish,20,18,2018-11-11,17:10:00,http://en.wikipedia.org/wiki/2018_Brazilian_Grand_Prix,,Brazil,785,British,+2 Laps,69093,50.0,10,0,41,False
8008,1,16,17,17,0.0,53,,,52,3,1:44.796,190.793,12,Fernando,Alonso,Spanish,19,24,2015-11-29,13:00:00,http://en.wikipedia.org/wiki/2015_Abu_Dhabi_Grand_Prix,,UAE,3,British,+2 Laps,67546,11.0,17,0,41,False
8556,18,19,12,12,0.0,56,,,,,,,12,Fernando,Alonso,Spanish,1,1,2001-03-04,,http://en.wikipedia.org/wiki/2001_Australian_Grand_Prix,,Australia,10,Italian,+2 Laps,11392,0.0,12,0,41,False
8558,18,18,13,13,0.0,63,,,,,,,12,Fernando,Alonso,Spanish,5,4,2001-04-29,,http://en.wikipedia.org/wiki/2001_Spanish_Grand_Prix,,Spain,109,Italian,+2 Laps,11465,0.0,21,0,41,False
8606,18,21,13,13,0.0,51,,,,,,,12,Fernando,Alonso,Spanish,15,14,2001-09-16,,http://en.wikipedia.org/wiki/2001_Italian_Grand_Prix,,Italy,162,Italian,+2 Laps,11699,0.0,23,0,41,False
8624,18,21,14,14,0.0,65,,,,,,,12,Fernando,Alonso,Spanish,9,20,2001-06-24,,http://en.wikipedia.org/wiki/2001_European_Grand_Prix,,Germany,578,Italian,+2 Laps,11555,0.0,23,0,41,False
9606,4,6,W,11,0.0,0,,,,,,,54,Fernando,Alonso,Spanish,9,19,2005-06-19,14:00:00,http://en.wikipedia.org/wiki/2005_United_States_Grand_Prix,,USA,223,French,Withdrew,70966,59.0,1,4,41,False
9839,1,10,11,11,0.0,55,,,11,11,1:36.501,206.783,11,Fernando,Alonso,Spanish,15,2,2017-10-01,07:00:00,http://en.wikipedia.org/wiki/2017_Malaysian_Grand_Prix,,Malaysia,18,British,+1 Lap,68474,10.0,16,0,41,False
9842,1,14,11,11,0.0,56,,,38,13,1:38.992,196.815,11,Fernando,Alonso,Spanish,4,3,2015-04-19,15:00:00,http://en.wikipedia.org/wiki/2015_Bahrain_Grand_Prix,,Bahrain,7,British,+1 Lap,67119,0.0,16,0,41,False
9844,1,13,7,7,6.0,56,,,47,4,1:34.168,206.898,11,Fernando,Alonso,Spanish,2,3,2018-04-08,15:10:00,http://en.wikipedia.org/wiki/2018_Bahrain_Grand_Prix,,Bahrain,7,British,+1 Lap,68693,16.0,4,0,41,False
9851,1,8,8,8,4.0,65,,,64,7,1:20.727,207.588,11,Fernando,Alonso,Spanish,5,4,2018-05-13,13:10:00,http://en.wikipedia.org/wiki/2018_Spanish_Grand_Prix,,Spain,109,British,+1 Lap,68733,32.0,7,0,41,False
9879,1,10,11,11,0.0,69,,,67,13,1:17.307,203.081,11,Fernando,Alonso,Spanish,7,7,2016-06-12,18:00:00,http://en.wikipedia.org/wiki/2016_Canadian_Grand_Prix,,Canada,13,British,+1 Lap,67706,18.0,12,0,41,False
9892,1,17,10,10,1.0,51,,,30,12,1:38.883,214.471,11,Fernando,Alonso,Spanish,9,9,2015-07-05,12:00:00,http://en.wikipedia.org/wiki/2015_British_Grand_Prix,,UK,153,British,+1 Lap,67242,1.0,18,0,41,False
9893,1,9,13,13,0.0,51,,,43,2,1:35.669,221.676,11,Fernando,Alonso,Spanish,10,9,2016-07-10,12:00:00,http://en.wikipedia.org/wiki/2016_British_Grand_Prix,,UK,153,British,+1 Lap,67797,18.0,14,0,41,False
9900,1,13,12,12,0.0,66,,,50,13,1:20.132,205.490,11,Fernando,Alonso,Spanish,12,10,2016-07-31,12:00:00,http://en.wikipedia.org/wiki/2016_German_Grand_Prix,,Germany,103,British,+1 Lap,67843,24.0,13,0,41,False
9908,1,7,7,7,6.0,69,,,62,8,1:24.958,185.639,11,Fernando,Alonso,Spanish,11,11,2016-07-24,12:00:00,http://en.wikipedia.org/wiki/2016_Hungarian_Grand_Prix,,Hungary,264,British,+1 Lap,67820,24.0,13,0,41,False
9910,1,11,8,8,4.0,69,,,68,9,1:22.090,192.125,11,Fernando,Alonso,Spanish,12,11,2018-07-29,13:10:00,http://en.wikipedia.org/wiki/2018_Hungarian_Grand_Prix,,Hungary,264,British,+1 Lap,68873,44.0,9,0,41,False
9920,1,20,13,13,0.0,42,,,34,5,1:53.692,221.778,11,Fernando,Alonso,Spanish,11,13,2015-08-23,12:00:00,http://en.wikipedia.org/wiki/2015_Belgian_Grand_Prix,,Belgium,401,British,+1 Lap,67284,11.0,15,0,41,False
9925,1,12,14,14,0.0,52,,,51,1,1:25.340,244.373,11,Fernando,Alonso,Spanish,14,14,2016-09-04,12:00:00,http://en.wikipedia.org/wiki/2016_Italian_Grand_Prix,,Italy,162,British,+1 Lap,67890,30.0,11,0,41,False
9937,1,18,12,12,0.0,55,,,40,13,1:43.728,189.183,11,Fernando,Alonso,Spanish,3,17,2015-04-12,06:00:00,http://en.wikipedia.org/wiki/2015_Chinese_Grand_Prix,,China,5,British,+1 Lap,67098,0.0,17,0,41,False
9941,1,20,15,15,0.0,70,,,54,15,1:16.519,202.726,11,Fernando,Alonso,Spanish,18,18,2015-11-15,16:00:00,http://en.wikipedia.org/wiki/2015_Brazilian_Grand_Prix,,Brazil,785,British,+1 Lap,67502,11.0,17,0,41,False
9962,1,12,11,11,0.0,52,,,45,16,1:39.614,209.862,11,Fernando,Alonso,Spanish,14,22,2015-09-27,05:00:00,http://en.wikipedia.org/wiki/2015_Japanese_Grand_Prix,,Japan,45,British,+1 Lap,67370,11.0,16,0,41,False
9964,1,15,16,16,0.0,52,,,29,19,1:38.208,212.866,11,Fernando,Alonso,Spanish,17,22,2016-10-09,05:00:00,http://en.wikipedia.org/wiki/2016_Japanese_Grand_Prix,,Japan,45,British,+1 Lap,67962,42.0,11,0,41,False
9966,1,20,11,11,0.0,52,,,45,12,1:35.111,219.797,11,Fernando,Alonso,Spanish,16,22,2017-10-08,05:00:00,http://en.wikipedia.org/wiki/2017_Japanese_Grand_Prix,,Japan,45,British,+1 Lap,68498,10.0,16,0,41,False
9968,1,18,14,14,0.0,52,,,28,7,1:33.943,222.530,11,Fernando,Alonso,Spanish,17,22,2018-10-07,05:10:00,http://en.wikipedia.org/wiki/2018_Japanese_Grand_Prix,,Japan,45,British,+1 Lap,69013,50.0,10,0,41,False
9975,1,11,9,9,2.0,54,,,26,4,1:43.378,193.410,11,Fernando,Alonso,Spanish,20,24,2017-11-26,13:00:00,http://en.wikipedia.org/wiki/2017_Abu_Dhabi_Grand_Prix,,UAE,3,British,+1 Lap,68597,17.0,15,0,41,False
9977,1,15,11,11,0.0,54,,,53,7,1:42.393,195.271,11,Fernando,Alonso,Spanish,21,24,2018-11-25,13:10:00,http://en.wikipedia.org/wiki/2018_Abu_Dhabi_Grand_Prix,,UAE,3,British,+1 Lap,69113,50.0,11,0,41,False
9989,1,13,8,8,4.0,70,,,69,9,1:08.661,226.399,11,Fernando,Alonso,Spanish,9,70,2018-07-01,13:10:00,http://en.wikipedia.org/wiki/2018_Austrian_Grand_Prix,,Austria,678,British,+1 Lap,68813,36.0,8,0,41,False
10007,1,14,6,6,8.0,52,,,52,5,1:40.347,209.799,11,Fernando,Alonso,Spanish,4,71,2016-05-01,12:00:00,http://en.wikipedia.org/wiki/2016_Russian_Grand_Prix,,Russia,2,British,+1 Lap,67637,8.0,11,0,41,False
10010,1,16,14,14,0.0,52,,,44,15,1:39.590,211.394,11,Fernando,Alonso,Spanish,16,71,2018-09-30,11:10:00,http://en.wikipedia.org/wiki/2018_Russian_Grand_Prix,,Russia,2,British,+1 Lap,68993,50.0,9,0,41,False
10012,1,11,13,13,0.0,70,,,69,16,1:23.668,185.189,11,Fernando,Alonso,Spanish,19,32,2016-10-30,19:00:00,http://en.wikipedia.org/wiki/2016_Mexican_Grand_Prix,,Mexico,2227,British,+1 Lap,68082,52.0,10,0,41,False
10014,1,18,10,10,1.0,70,,,50,11,1:21.014,191.255,11,Fernando,Alonso,Spanish,18,32,2017-10-29,19:00:00,http://en.wikipedia.org/wiki/2017_Mexican_Grand_Prix,,Mexico,2227,British,+1 Lap,68547,11.0,16,0,41,False
10414,4,9,11,11,0.0,31,,,17,9,1:39.006,201.551,11,Fernando,Alonso,Spanish,2,2,2009-04-05,09:00:00,http://en.wikipedia.org/wiki/2009_Malaysian_Grand_Prix,,Malaysia,18,French,+1 Lap,17655,4.0,6,0,41,False
10437,4,7,10,10,0.0,75,,,73,3,1:17.869,154.413,11,Fernando,Alonso,Spanish,6,6,2008-05-25,12:00:00,http://en.wikipedia.org/wiki/2008_Monaco_Grand_Prix,,Monaco,7,French,+1 Lap,94,9.0,8,0,41,False
10454,4,6,6,6,3.0,59,,,17,6,1:33.133,198.722,11,Fernando,Alonso,Spanish,9,9,2008-07-06,12:00:00,http://en.wikipedia.org/wiki/2008_British_Grand_Prix,,UK,153,French,+1 Lap,160,13.0,9,0,41,False
10457,4,10,14,14,0.0,59,,,36,12,1:21.852,226.110,11,Fernando,Alonso,Spanish,8,9,2009-06-21,12:00:00,http://en.wikipedia.org/wiki/2009_British_Grand_Prix,,UK,153,French,+1 Lap,17915,11.0,9,0,41,False
10476,4,6,11,11,0.0,69,,,51,12,1:22.884,190.285,11,Fernando,Alonso,Spanish,13,11,2005-07-31,14:00:00,http://en.wikipedia.org/wiki/2005_Hungarian_Grand_Prix,,Hungary,264,French,+1 Lap,71067,87.0,1,6,41,False
10491,4,20,8,8,1.0,52,,,,,,,11,Fernando,Alonso,Spanish,14,14,2003-09-14,,http://en.wikipedia.org/wiki/2003_Italian_Grand_Prix,,Italy,162,French,+1 Lap,12358,55.0,6,1,41,False
10783,6,4,5,5,10.0,65,,,22,9,1:28.737,188.850,11,Fernando,Alonso,Spanish,5,4,2011-05-22,12:00:00,http://en.wikipedia.org/wiki/2011_Spanish_Grand_Prix,,Spain,109,Italian,+1 Lap,64459,51.0,5,0,41,False
12089,214,10,17,17,0.0,57,,,57,2,1:20.846,235.024,11,Fernando,Alonso,Spanish,3,1,2022-04-10,05:00:00,http://en.wikipedia.org/wiki/2022_Australian_Grand_Prix,2022-04-09,Australia,10,French,+1 Lap,71300,2.0,14,0,41,True
12091,214,10,17,17,0.0,65,,,63,6,1:21.182,207.311,11,Fernando,Alonso,Spanish,4,4,2021-05-09,13:00:00,http://en.wikipedia.org/wiki/2021_Spanish_Grand_Prix,2021-05-08,Spain,109,French,+1 Lap,70349,5.0,12,0,41,False
12093,214,20,9,9,2.0,65,,,56,9,1:26.599,194.344,11,Fernando,Alonso,Spanish,6,4,2022-05-22,13:00:00,http://en.wikipedia.org/wiki/2022_Spanish_Grand_Prix,2022-05-21,Spain,109,French,+1 Lap,71363,4.0,15,0,41,True
12094,214,5,16,16,0.0,57,,,55,14,1:33.252,206.073,11,Fernando,Alonso,Spanish,16,5,2021-10-10,12:00:00,http://en.wikipedia.org/wiki/2021_Turkish_Grand_Prix,2021-10-09,Turkey,130,French,+1 Lap,70632,58.0,10,0,41,False
12096,214,17,13,13,0.0,77,,,70,10,1:15.026,160.120,11,Fernando,Alonso,Spanish,5,6,2021-05-23,13:00:00,http://en.wikipedia.org/wiki/2021_Monaco_Grand_Prix,2021-05-22,Monaco,7,French,+1 Lap,70369,5.0,13,0,41,False
12098,214,6,8,8,4.0,69,,,47,18,1:23.979,187.804,11,Fernando,Alonso,Spanish,13,11,2022-07-31,13:00:00,http://en.wikipedia.org/wiki/2022_Hungarian_Grand_Prix,2022-07-30,Hungary,264,French,+1 Lap,71551,41.0,10,0,41,True
12100,214,12,9,9,2.0,70,,,37,12,1:13.922,209.848,11,Fernando,Alonso,Spanish,19,18,2021-11-14,17:00:00,http://en.wikipedia.org/wiki/2021_S%C3%A3o_Paulo_Grand_Prix,2021-11-12,Brazil,785,French,+1 Lap,70695,62.0,10,0,41,False
12102,214,8,9,9,2.0,70,,,61,13,1:09.749,222.867,11,Fernando,Alonso,Spanish,8,70,2021-06-27,13:00:00,http://en.wikipedia.org/wiki/2021_Styrian_Grand_Prix,2021-06-26,Austria,678,French,+1 Lap,70429,19.0,11,0,41,False
12104,214,14,10,10,1.0,70,,,70,7,1:08.405,227.246,11,Fernando,Alonso,Spanish,9,70,2021-07-04,13:00:00,http://en.wikipedia.org/wiki/2021_Austrian_Grand_Prix,2021-07-03,Austria,678,French,+1 Lap,70469,20.0,11,0,41,False
12105,214,19,10,10,1.0,70,,,62,3,1:08.558,226.739,11,Fernando,Alonso,Spanish,11,70,2022-07-10,13:00:00,http://en.wikipedia.org/wiki/2022_Austrian_Grand_Prix,2022-07-08,Austria,678,French,+1 Lap,71509,29.0,10,0,41,True
12107,214,12,9,9,2.0,70,,,54,10,1:20.711,191.973,11,Fernando,Alonso,Spanish,18,32,2021-11-07,19:00:00,http://en.wikipedia.org/wiki/2021_Mexican_Grand_Prix,2021-11-06,Mexico,2227,French,+1 Lap,70674,60.0,10,0,41,False
12112,214,9,6,6,8.0,71,,,60,7,1:14.323,206.294,11,Fernando,Alonso,Spanish,13,39,2021-09-05,13:00:00,http://en.wikipedia.org/wiki/2021_Dutch_Grand_Prix,2021-09-04,Netherlands,6,French,+1 Lap,70569,46.0,10,0,41,False
12114,214,13,13,13,0.0,49,,,46,5,1:31.633,242.558,11,Fernando,Alonso,Spanish,21,77,2021-12-05,17:30:00,http://en.wikipedia.org/wiki/2021_Saudi_Arabian_Grand_Prix,2021-12-04,Saudi Arabia,15,French,+1 Lap,70737,77.0,10,0,41,False
12267,18,21,10,10,0.0,44,,,,,,,11,Fernando,Alonso,Spanish,12,10,2001-07-29,,http://en.wikipedia.org/wiki/2001_German_Grand_Prix,,Germany,103,Italian,+1 Lap,11627,0.0,23,0,41,False
12286,18,18,11,11,0.0,52,,,,,,,11,Fernando,Alonso,Spanish,17,22,2001-10-14,,http://en.wikipedia.org/wiki/2001_Japanese_Grand_Prix,,Japan,45,Italian,+1 Lap,11749,0.0,23,0,41,False
13698,1,12,R,14,0.0,50,,,48,17,1:30.077,211.938,76,Fernando,Alonso,Spanish,1,1,2017-03-26,05:00:00,http://en.wikipedia.org/wiki/2017_Australian_Grand_Prix,,Australia,10,British,Vibrations,68169,0.0,14,0,41,False
13710,1,10,R,19,0.0,45,,,41,13,1:29.750,186.718,5,Fernando,Alonso,Spanish,5,4,2016-05-15,12:00:00,http://en.wikipedia.org/wiki/2016_Spanish_Grand_Prix,,Spain,109,British,Engine,67660,8.0,12,0,41,False
13721,1,13,R,20,0.0,44,,,41,18,1:19.580,197.280,5,Fernando,Alonso,Spanish,7,7,2015-06-07,18:00:00,http://en.wikipedia.org/wiki/2015_Canadian_Grand_Prix,,Canada,13,British,Engine,67182,0.0,18,0,41,False
13750,1,10,R,18,0.0,25,,,12,19,1:51.720,225.692,5,Fernando,Alonso,Spanish,12,13,2017-08-27,12:00:00,http://en.wikipedia.org/wiki/2017_Belgian_Grand_Prix,,Belgium,401,British,Engine,68405,10.0,15,0,41,False
13755,1,13,R,18,0.0,9,,,18,17,1:25.229,244.691,5,Fernando,Alonso,Spanish,14,14,2018-09-02,13:10:00,http://en.wikipedia.org/wiki/2018_Italian_Grand_Prix,,Italy,162,British,Engine,68953,44.0,11,0,41,False
13783,1,8,R,17,0.0,24,,,21,18,1:41.537,195.463,5,Fernando,Alonso,Spanish,17,69,2017-10-22,19:00:00,http://en.wikipedia.org/wiki/2017_United_States_Grand_Prix,,USA,161,British,Engine,68522,10.0,16,0,41,False
13792,1,12,R,20,0.0,3,,,3,20,1:24.197,184.025,5,Fernando,Alonso,Spanish,19,32,2018-10-28,19:10:00,http://en.wikipedia.org/wiki/2018_Mexican_Grand_Prix,,Mexico,2227,British,Engine,69073,50.0,10,0,41,False
13912,4,2,R,15,0.0,34,,,15,9,1:22.683,202.677,5,Fernando,Alonso,Spanish,4,4,2008-04-27,12:00:00,http://en.wikipedia.org/wiki/2008_Spanish_Grand_Prix,,Spain,109,French,Engine,51,6.0,10,0,41,False
13918,4,7,R,18,0.0,43,,,,,,,5,Fernando,Alonso,Spanish,10,8,2003-07-06,,http://en.wikipedia.org/wiki/2003_French_Grand_Prix,,France,228,French,Engine,12276,39.0,6,0,41,False
13927,4,3,R,16,0.0,11,,,9,4,1:45.870,237.211,5,Fernando,Alonso,Spanish,14,13,2004-08-29,,http://en.wikipedia.org/wiki/2004_Belgian_Grand_Prix,,Belgium,401,French,Engine,12686,45.0,5,0,41,False
13931,4,10,R,19,0.0,43,,,38,5,1:23.121,250.896,5,Fernando,Alonso,Spanish,15,14,2006-09-10,14:00:00,http://en.wikipedia.org/wiki/2006_Italian_Grand_Prix,,Italy,162,French,Engine,13123,108.0,1,6,41,False
13937,4,6,R,15,0.0,44,,,,,,,5,Fernando,Alonso,Spanish,15,19,2003-09-28,,http://en.wikipedia.org/wiki/2003_United_States_Grand_Prix,,USA,223,French,Engine,12381,55.0,6,1,41,False
13939,4,5,R,18,0.0,17,,,,,,,5,Fernando,Alonso,Spanish,16,22,2003-10-12,,http://en.wikipedia.org/wiki/2003_Japanese_Grand_Prix,,Japan,45,French,Engine,12404,55.0,6,1,41,False
13942,4,19,R,16,0.0,44,,,,,,,5,Fernando,Alonso,Spanish,6,70,2003-05-18,,http://en.wikipedia.org/wiki/2003_Austrian_Grand_Prix,,Austria,678,French,Engine,12196,25.0,4,0,41,False
13977,6,19,13,13,0.0,54,,,41,2,1:37.231,205.230,5,Fernando,Alonso,Spanish,3,2,2010-04-04,08:00:00,http://en.wikipedia.org/wiki/2010_Malaysian_Grand_Prix,,Malaysia,18,Italian,Engine,63785,37.0,2,1,41,False
14028,6,7,R,21,0.0,28,,,23,16,1:29.680,232.546,5,Fernando,Alonso,Spanish,13,14,2014-09-07,12:00:00,http://en.wikipedia.org/wiki/2014_Italian_Grand_Prix,,Italy,162,Italian,Engine,66881,121.0,5,0,41,False
14256,214,5,R,18,0.0,20,,,19,16,2:00.463,151.306,5,Fernando,Alonso,Spanish,17,15,2022-10-02,12:00:00,http://en.wikipedia.org/wiki/2022_Singapore_Grand_Prix,2022-10-01,Singapore,18,French,Engine,71636,59.0,9,0,41,True
14258,214,9,19,19,0.0,63,,,48,11,1:22.866,186.981,5,Fernando,Alonso,Spanish,20,32,2022-10-30,20:00:00,http://en.wikipedia.org/wiki/2022_Mexican_Grand_Prix,2022-10-29,Mexico,2227,French,Engine,71768,71.0,9,0,41,True
14293,18,21,17,17,0.0,65,,,,,,,5,Fernando,Alonso,Spanish,10,8,2001-07-01,,http://en.wikipedia.org/wiki/2001_French_Grand_Prix,,France,228,Italian,Engine,11579,0.0,23,0,41,False
15768,18,19,R,19,0.0,25,,,,,,,10,Fernando,Alonso,Spanish,3,18,2001-04-01,,http://en.wikipedia.org/wiki/2001_Brazilian_Grand_Prix,,Brazil,785,Italian,Electrical,11424,0.0,19,0,41,False
15959,1,13,R,19,0.0,41,,,36,16,1:20.459,149.308,6,Fernando,Alonso,Spanish,6,6,2015-05-24,12:00:00,http://en.wikipedia.org/wiki/2015_Monaco_Grand_Prix,,Monaco,7,British,Gearbox,67161,0.0,17,0,41,False
15960,1,7,R,20,0.0,52,,,23,13,1:17.018,155.979,6,Fernando,Alonso,Spanish,6,6,2018-05-27,13:10:00,http://en.wikipedia.org/wiki/2018_Monaco_Grand_Prix,,Monaco,7,British,Gearbox,68753,32.0,7,0,41,False
15973,1,19,17,17,0.0,50,,,44,13,1:25.871,242.861,6,Fernando,Alonso,Spanish,13,14,2017-09-03,12:00:00,http://en.wikipedia.org/wiki/2017_Italian_Grand_Prix,,Italy,162,British,Gearbox,68428,10.0,15,0,41,False
15976,1,12,R,17,0.0,33,,,27,16,1:53.325,160.900,6,Fernando,Alonso,Spanish,13,15,2015-09-20,12:00:00,http://en.wikipedia.org/wiki/2015_Singapore_Grand_Prix,,Singapore,18,British,Gearbox,67326,11.0,15,0,41,False
15982,1,13,R,19,0.0,42,,,27,18,1:49.101,198.080,6,Fernando,Alonso,Spanish,8,73,2016-06-19,13:00:00,http://en.wikipedia.org/wiki/2016_European_Grand_Prix,,Azerbaijan,-7,British,Gearbox,67751,18.0,13,0,41,False
16035,4,8,R,18,0.0,52,,,,,,,6,Fernando,Alonso,Spanish,11,9,2003-07-20,,http://en.wikipedia.org/wiki/2003_British_Grand_Prix,,UK,153,French,Gearbox,12296,39.0,6,0,41,False
16191,18,18,R,13,0.0,54,,,,,,,6,Fernando,Alonso,Spanish,7,6,2001-05-27,,http://en.wikipedia.org/wiki/2001_Monaco_Grand_Prix,,Monaco,7,Italian,Gearbox,11509,0.0,21,0,41,False
16212,18,20,R,22,0.0,0,,,,,,,6,Fernando,Alonso,Spanish,14,13,2001-09-02,,http://en.wikipedia.org/wiki/2001_Belgian_Grand_Prix,,Belgium,401,Italian,Gearbox,11675,0.0,23,0,41,False
16223,18,18,R,15,0.0,38,,,,,,,6,Fernando,Alonso,Spanish,6,70,2001-05-13,,http://en.wikipedia.org/wiki/2001_Austrian_Grand_Prix,,Austria,678,Italian,Gearbox,11487,0.0,21,0,41,False
16732,4,3,R,17,0.0,38,,,38,3,1:14.727,210.092,22,Fernando,Alonso,Spanish,8,7,2005-06-12,13:00:00,http://en.wikipedia.org/wiki/2005_Canadian_Grand_Prix,,Canada,13,French,Suspension,70942,59.0,1,4,41,False
17440,4,4,R,16,0.0,44,,,16,9,1:18.225,200.697,20,Fernando,Alonso,Spanish,7,7,2008-06-08,17:00:00,http://en.wikipedia.org/wiki/2008_Canadian_Grand_Prix,,Canada,13,French,Spun off,116,9.0,9,0,41,False
17449,4,4,R,16,0.0,40,,,31,8,1:22.881,251.623,20,Fernando,Alonso,Spanish,15,14,2004-09-12,,http://en.wikipedia.org/wiki/2004_Italian_Grand_Prix,,Italy,162,French,Spun off,12710,45.0,5,0,41,False
18070,1,18,R,18,0.0,21,,,17,17,1:48.460,183.983,132,Fernando,Alonso,Spanish,2,2,2015-03-29,07:00:00,http://en.wikipedia.org/wiki/2015_Malaysian_Grand_Prix,,Malaysia,18,British,ERS,67077,0.0,20,0,41,False
18236,1,15,R,19,0.0,0,,,,0,,,3,Fernando,Alonso,Spanish,13,13,2018-08-26,13:10:00,http://en.wikipedia.org/wiki/2018_Belgian_Grand_Prix,,Belgium,401,British,Accident,68893,44.0,9,0,41,False
18242,1,2,R,21,0.0,41,,,25,2,1:28.511,185.590,3,Fernando,Alonso,Spanish,15,16,2007-09-30,04:30:00,http://en.wikipedia.org/wiki/2007_Japanese_Grand_Prix,,Japan,583,British,Accident,13925,95.0,2,4,41,False
18334,4,3,R,12,0.0,41,,,23,4,1:15.226,159.838,3,Fernando,Alonso,Spanish,6,6,2004-05-23,,http://en.wikipedia.org/wiki/2004_Monaco_Grand_Prix,,Monaco,7,French,Accident,12514,21.0,6,0,41,False
18350,4,10,R,20,0.0,0,,,,,,,3,Fernando,Alonso,Spanish,16,18,2009-10-18,16:00:00,http://en.wikipedia.org/wiki/2009_Brazilian_Grand_Prix,,Brazil,785,French,Accident,18138,26.0,9,0,41,False
18401,6,10,R,21,0.0,37,,,29,8,1:51.374,226.393,3,Fernando,Alonso,Spanish,13,13,2010-08-29,12:00:00,http://en.wikipedia.org/wiki/2010_Belgian_Grand_Prix,,Belgium,401,Italian,Accident,64052,141.0,5,2,41,False
19338,18,22,R,19,0.0,7,,,,,,,7,Fernando,Alonso,Spanish,8,7,2001-06-10,,http://en.wikipedia.org/wiki/2001_Canadian_Grand_Prix,,Canada,13,Italian,Transmission,11531,0.0,23,0,41,False
19599,1,14,R,18,0.0,40,,,33,17,1:16.180,206.085,43,Fernando,Alonso,Spanish,7,7,2018-06-10,18:10:00,http://en.wikipedia.org/wiki/2018_Canadian_Grand_Prix,,Canada,13,British,Exhaust,68773,32.0,7,0,41,False
19827,1,15,14,14,0.0,54,,,47,14,1:35.595,203.809,131,Fernando,Alonso,Spanish,3,3,2017-04-16,15:00:00,http://en.wikipedia.org/wiki/2017_Bahrain_Grand_Prix,,Bahrain,7,British,Power Unit,68209,0.0,19,0,41,False
19830,1,12,16,16,0.0,66,,,63,4,1:15.853,206.974,131,Fernando,Alonso,Spanish,7,7,2017-06-11,18:00:00,http://en.wikipedia.org/wiki/2017_Canadian_Grand_Prix,,Canada,13,British,Power Unit,68294,0.0,19,0,41,False
19831,1,20,R,18,0.0,32,,,22,18,1:34.263,224.983,131,Fernando,Alonso,Spanish,10,9,2017-07-16,12:00:00,http://en.wikipedia.org/wiki/2017_British_Grand_Prix,,UK,153,British,Power Unit,68360,2.0,17,0,41,False
19833,1,15,W,20,0.0,0,,,,0,,,131,Fernando,Alonso,Spanish,4,71,2017-04-30,12:00:00,http://en.wikipedia.org/wiki/2017_Russian_Grand_Prix,,Russia,2,British,Power Unit,68230,0.0,20,0,41,False
19870,1,8,R,17,0.0,8,,,6,17,2:13.579,136.503,130,Fernando,Alonso,Spanish,14,15,2017-09-17,12:00:00,http://en.wikipedia.org/wiki/2017_Singapore_Grand_Prix,,Singapore,18,British,Collision damage,68451,10.0,15,0,41,False
19871,1,12,R,19,0.0,1,,,,0,,,130,Fernando,Alonso,Spanish,9,70,2017-07-09,12:00:00,http://en.wikipedia.org/wiki/2017_Austrian_Grand_Prix,,Austria,678,British,Collision damage,68338,2.0,17,0,41,False
19907,214,9,R,19,0.0,6,,,5,19,1:39.685,177.282,130,Fernando,Alonso,Spanish,4,21,2022-04-24,13:00:00,http://en.wikipedia.org/wiki/2022_Emilia_Romagna_Grand_Prix,2022-04-22,Italy,37,French,Collision damage,71321,2.0,15,0,41,True
19956,1,13,R,20,0.0,26,,,23,18,1:33.387,179.446,23,Fernando,Alonso,Spanish,5,4,2015-05-10,12:00:00,http://en.wikipedia.org/wiki/2015_Spanish_Grand_Prix,,Spain,109,British,Brakes,67140,0.0,16,0,41,False
20063,214,9,R,19,0.0,32,,,31,17,1:36.063,202.816,23,Fernando,Alonso,Spanish,1,3,2021-03-28,15:00:00,http://en.wikipedia.org/wiki/2021_Bahrain_Grand_Prix,2021-03-27,Bahrain,7,French,Brakes,70249,0.0,19,0,41,False
20070,18,18,R,18,0.0,37,,,,,,,23,Fernando,Alonso,Spanish,13,11,2001-08-19,,http://en.wikipedia.org/wiki/2001_Hungarian_Grand_Prix,,Hungary,264,Italian,Brakes,11651,0.0,23,0,41,False
20072,18,18,R,22,0.0,5,,,,,,,23,Fernando,Alonso,Spanish,4,21,2001-04-15,,http://en.wikipedia.org/wiki/2001_San_Marino_Grand_Prix,,Italy,37,Italian,Brakes,11444,0.0,20,0,41,False
20206,214,19,R,18,0.0,49,,,46,5,1:40.067,198.335,65,Fernando,Alonso,Spanish,17,69,2021-10-24,19:00:00,http://en.wikipedia.org/wiki/2021_United_States_Grand_Prix,2021-10-23,USA,161,French,Rear wing,70653,58.0,10,0,41,False
21787,1,16,18,18,0.0,47,,,42,15,1:29.285,233.575,16,Fernando,Alonso,Spanish,12,14,2015-09-06,12:00:00,http://en.wikipedia.org/wiki/2015_Italian_Grand_Prix,,Italy,162,British,+6 Laps,67305,11.0,15,0,41,False
22087,18,21,13,13,0.0,52,,,,,,,13,Fernando,Alonso,Spanish,2,2,2001-03-18,,http://en.wikipedia.org/wiki/2001_Malaysian_Grand_Prix,,Malaysia,18,Italian,+3 Laps,11405,0.0,16,0,41,False
22101,18,21,16,16,0.0,57,,,,,,,13,Fernando,Alonso,Spanish,11,9,2001-07-15,,http://en.wikipedia.org/wiki/2001_British_Grand_Prix,,UK,153,Italian,+3 Laps,11603,0.0,23,0,41,False
22671,1,11,16,16,0.0,65,,,60,11,1:17.741,211.811,31,Fernando,Alonso,Spanish,11,10,2018-07-22,13:10:00,http://en.wikipedia.org/wiki/2018_German_Grand_Prix,,Germany,103,British,Retired,68853,40.0,8,0,41,False
22674,1,18,R,20,0.0,1,,,,0,,,31,Fernando,Alonso,Spanish,17,32,2015-11-01,19:00:00,http://en.wikipedia.org/wiki/2015_Mexican_Grand_Prix,,Mexico,2227,British,Retired,67480,11.0,17,0,41,False
22687,4,13,R,15,0.0,26,,,23,14,1:48.634,232.104,31,Fernando,Alonso,Spanish,12,13,2009-08-30,12:00:00,http://en.wikipedia.org/wiki/2009_Belgian_Grand_Prix,,Belgium,401,French,Retired,18019,16.0,12,0,41,False
22842,1,16,16,16,0.0,50,,,48,6,1:35.133,221.071,36,Fernando,Alonso,Spanish,8,34,2018-06-24,14:10:00,http://en.wikipedia.org/wiki/2018_French_Grand_Prix,,France,432,British,Wheel,68793,32.0,8,0,41,False
22852,4,1,R,18,0.0,15,,,4,18,1:23.529,188.815,36,Fernando,Alonso,Spanish,10,11,2009-07-26,12:00:00,http://en.wikipedia.org/wiki/2009_Hungarian_Grand_Prix,,Hungary,264,French,Wheel,17975,13.0,11,0,41,False
23514,4,9,R,16,0.0,8,,,8,7,1:11.236,211.847,27,Fernando,Alonso,Spanish,9,19,2004-06-20,,http://en.wikipedia.org/wiki/2004_United_States_Grand_Prix,,USA,223,French,Tyre,12575,25.0,5,0,41,False
23680,1,13,R,16,0.0,33,,,31,15,1:39.496,197.230,30,Fernando,Alonso,Spanish,2,17,2017-04-09,06:00:00,http://en.wikipedia.org/wiki/2017_Chinese_Grand_Prix,,China,5,British,Driveshaft,68189,0.0,19,0,41,False
23683,4,5,R,13,0.0,44,,,41,4,1:14.179,211.644,30,Fernando,Alonso,Spanish,8,7,2004-06-13,,http://en.wikipedia.org/wiki/2004_Canadian_Grand_Prix,,Canada,13,French,Driveshaft,12554,25.0,5,0,41,False
23685,4,15,R,14,0.0,51,,,50,14,1:29.408,176.400,30,Fernando,Alonso,Spanish,13,11,2006-08-06,14:00:00,http://en.wikipedia.org/wiki/2006_Hungarian_Grand_Prix,,Hungary,264,French,Driveshaft,13074,100.0,1,6,41,False
23692,18,17,R,21,0.0,36,,,,,,,30,Fernando,Alonso,Spanish,16,19,2001-09-30,,http://en.wikipedia.org/wiki/2001_United_States_Grand_Prix,,USA,223,Italian,Driveshaft,11724,0.0,23,0,41,False
23756,214,10,R,20,0.0,27,,,24,17,1:30.579,209.889,47,Fernando,Alonso,Spanish,22,24,2022-11-20,13:00:00,http://en.wikipedia.org/wiki/2022_Abu_Dhabi_Grand_Prix,2022-11-19,UAE,3,French,Water leak,71812,81.0,9,0,41,True
24228,1,14,18,18,0.0,64,,,44,20,1:11.020,219.284,84,Fernando,Alonso,Spanish,9,70,2016-07-03,12:00:00,http://en.wikipedia.org/wiki/2016_Austrian_Grand_Prix,,Austria,678,British,Battery,67774,18.0,14,0,41,False
24782,214,7,R,16,0.0,35,,,33,12,1:33.831,236.876,103,Fernando,Alonso,Spanish,2,77,2022-03-27,17:00:00,http://en.wikipedia.org/wiki/2022_Saudi_Arabian_Grand_Prix,2022-03-26,Saudi Arabia,15,French,Water pump,71280,2.0,13,0,41,True
24962,6,5,R,22,0.0,2,,,,0,,,40,Fernando,Alonso,Spanish,15,22,2014-10-05,06:00:00,http://en.wikipedia.org/wiki/2014_Japanese_Grand_Prix,,Japan,45,Italian,Electronics,66927,133.0,5,0,41,False
25127,214,6,R,19,0.0,31,,,7,18,1:27.203,239.152,34,Fernando,Alonso,Spanish,16,14,2022-09-11,13:00:00,http://en.wikipedia.org/wiki/2022_Italian_Grand_Prix,2022-09-10,Italy,162,French,Water pressure,71614,59.0,9,0,41,True
